location,product,tender_number,tender_name,tender_company,quantity
"Гуандун, Чжунцин, Каннинг",оборудование для замены коробок,CGN-202305310008,,Новая энергетическая компания,
"Немонгольский автономный район, УНИТА, правый флаг Корнея",оборудование для оптических камер,CGN-202211140006,,Новая энергетическая компания,
"Синьцзян-Уйгурский автономный район и Тэгу, округ Лоуп",1 млн. кВт оптико-волнового поля PC,CGN-202307050014,,China Solar Energy Successing Ltd.,
"Хубэй, Хуанган, округ Чун",гидроэнергетическая станция,CGN-202301310002,,Чайна нью-Энтерпрайз,
"Пекин, Тойота",сбор фотоэлектрических компонентов,CGN-202307040015,,Чайна Хинэ,
"Шэньчжэнь, провинция Гуандун",,CGN-202304170003-N1,Эксперимент по оценке рисков взрыва,Операционная компания,
"Пекин, Тойота",контроль и оценка новых источников энергии,CGN-20230524002,Объявление о торгах по первому пункту 2 проекта 2023 года в области контроля и оценки новых источников энергии,,
Шэньчжэнь,Лингх-1 и Лингх-2 по ремонту оборудования для атомных электростанций,CGN-202307120011,,Чайна Хинэ,
Гуандун,Проект LOT45A Проекта LF ' LOT45A ' Region ' s CGN-20230128002 ,CGN-20230128002,,Чайна Хинонжиниринг лтд.,
"муниципалитет Сиань, провинция Чунси",производство фотоэлектрической энергии в районе автомагистрали &quot; Нанси &quot; ,CGN-20221019005-N1,,Энергопроект,
провинция Шаньдун,финансирование проекта CW LOT120Eb (внутриконструкция),CGN-20230116003,,Чайна Инжиниринг лимитед,
Гуандун,"Групповая решетка, Стальные ворота, Хлоридные решетки, Твердые решетки, очистители",CGN-CGN,,,
Гуандун,Проект AN LOT70B Предпроектный трансформатор кольцевой сети (Конференция No CGN-202303140017),CGN-202303140017,,Чайна инжиниринг лтд.,
"Пекин, Тойота",Матрица комплексной автоматизированной системы электроснабжения 2023 года,CGN-202304060020,,,
провинция Шаньдун,фильтры для барабанной фильтрации и фильтры для фильтрации на неядерном уровне CFI,CGN-20230329008,Проект SK LOT7A фильтры для барабанной фильтрации и фильтры для фильтрации на неядерном уровне CFI,Чайна Хинэ,
"Пекин, Тойота",сбор матрицы ретрансформаторов (1 северный маркер),CGN-CGN,Глава I Уведомление о торгах,Чайна Хинэ,
"город Инг, Чианг-дун",предварительное и научно-исследовательское обслуживание в рамках проекта электростанции &lt; &lt; Чхонан &gt; &gt; ,CGN-202301310001,,Чайна Хинси,
"Тибетский автономный район, район Али, округ Планд",тепловые насосы,CGN-20230217001,,Али,
"Пекин, Тойота",двенадцатый пункт 12-го секвенирования 2023-го комплекса новых источников энергии,CGN-202305240013,Объявление о торгах на двенадцатый пункт 12-го секвенирования 2023-го комплекса новых источников энергии (Контингент: CGN-202305240013),Энергетическая компания Dun State Company.,
"Пекин, Тойота",Матрица комплексной автоматизированной системы электроснабжения 2023 года,CGN-202304060017,,,
"Янцзы, провинция Гуандун",проект оптимизации процесса охлаждения ядерно-энергетических установок в Янцзыне и VVP,CGN-202212020007,,Чайна Хинэ,
"Пекин, Тойота",сбор фотоэлектрических компонентов,CGN-20230710008,,Чайна Хинэ,
"префектура Сычуань, муниципалитет Гуаньюань, округ Шин",проектирование (перезакупка),CGN-202303230004-N1,,Синьцзян,
провинция Шаньдун,Проект SK LOT110,CGN-20221024002,,Чайна Инжиниринг лимитед,
"Синьцзян-Уйгурский автономный округ, Алтайский район, Гимуна",Комплексный проект 35kV по строительству и установке коробок (раздел B),CGN-202208230002-N1,,Синьцзян,
Фуцзянь,Устройства охлаждающие насосы (номер тендера: CGN-20230110002),CGN-20230110002,,,
"провинция Джилин, Белый город, Гранд-Ан","Дорога, платформа, ветряная база и коробка",CGN-202301110002,,Белая энергетика,
,,,,,
"Пекин, Тойота",матрица нового энергоблока 2023 года,CGN-20230627005,,,
"Шэньчжэнь, провинция Гуандун",выставочный зал,CGN-20221215002,,Чайна инжиниринг лтд.,
провинция Шаньдун,углеродная стальная труба,CGN-20230329003,SK LOT140Ch,Чайна Хинси,
провинция Шаньдун,Проект CW LOT120D,CGN-20230118005,,Чайна Хинон инжиниринг лимитед,
"провинция Юньнань, город Таити, Уаньин",кабельный кабель,CGN-20220927002,,Юйцзи Суануэн,
Фуцзянь,Проектный блок проекта BZ LOT120Ca (консерваторы),CGN-20230310004,,Чайна Инжиниринг лимитед,
"префектура Юньнань, чусуньский автономный округ, префектура Осаки",проект EPC-2 в рамках проекта &lt; &lt; Синдром &gt; &gt; ,CGN-202304140004,,,
"Пекин, Тойота",11-й пункт 2-го контрольного набора новых источников энергии 2023 года (заявочный номер проекта: CGN-202305240012),CGN-202305240012,Глава I. Объявление о торгах на одиннадцатый пункт 11 проекта 2023 года по новым источникам энергии (Контингент: CGN-202305240012),Энергетическая компания Dun State Company,
"префектура Гуйчжоу, автономный округ Минамбуйи, префектура Гуйтинг",50 МВт ветряная станция,CGN-202307110003,,Ветряная энергетика,
Порт-о-де-Гонконг,гидротермальное оборудование,CGN-202210110007,Проект BT LOT41A для гидротермального оборудования,,
"Шэньчжэнь, провинция Гуандун",генератор электрического тока,CGN-20230529002,,Чайна институт ядерной энергии,
"Вэньчжоу, Чжэцзян",проект CS,CGN-2022127001,Объявление тендера на проект CS,,
"провинция Хэйлунцзян, Цзиньцзян, округ Цинго",наружное высоковольтное оборудование,CGN-20230529005,,Новая энергетическая компания,
"Вэньчжоу, Чжэцзян",Услуги по мониторингу морской среды в рамках проекта CS,CGN-20230619001,,Чайна Хинон инжиниринг лтд.,
"Гуандун, Чжэцзян",охлаждающие насосы для оборудования AD в Гуандуне,CGN-20230420005,,Чайна Инжиниринг лтд.,
"Синьцзян-Уйгурский автономный округ, Баян-Монгольский автономный округ, Жуан",основное оборудование для проекта «Синьцзян» (третий пункт: фотоэлектрический проект),CGN-20230704004,,,
"префектура Сычуань, муниципалитет Чжоучжоу, префектура Гуань","50 МВт ветряная дорожка, платформа, база ветряных двигателей и базовая инженерная работа по переработке коробок (запрос)",CGN-202304240020,,Чайна тайфун,
"Синьцзян-Уйгурский автономный округ, Та-Сити, округ Торри",300 000 кВт-часовая установка электрического подвешивания,CGN-202212080010,,TORY,
провинция Гуандун,дизельные генераторы для экстренного использования в проекте HLF,CGN-202307040028,,Чайна Хинон инжиниринг лтд.,
"провинция Юньнань, город Юйцзи, округ Яньцзян-хани",новые энергетические кухонные плиты (220 кВ - N58),CGN-20230505001,,Юйцзян энтеррейд,
"провинция Джилин, Белый город, Гранд-Ан",490 МВт - 1-я закупка фотовольтных постов в рамках проекта &lt; &lt; Интегрированная энергетика &gt; &gt; ,CGN-20230105003,,,
"Янцзы, провинция Гуандун",электронно-оптических микроскопов,CGN-202303150009-N1,,Чайна энтерпрайз,
Гуандун,"Проект AD-проект 3, блок 4 LOT130Ab Вторая партия тары для захоронений (No тендера: CGN-20230317004))",,,,
"Хэбэй, Чжунцзяо, Цзиньцзян",генеральный контракт EPC,CGN-20230608004,(Конференция: CGN-20230608004),Чжоу,
"провинция Джилин, Белый город, Гранд-Ан",электрическая линия,CGN-20230228005,,Energy White City Ltd.,
"провинция Ляонин, город Ханьян, округ Ханьян",комбинированного производства электроэнергии,CGN-202212020008,,,
"префектура Гуйчжоу, автономный округ Минамбуйи, префектура Гуйтинг",оборудования для ветрогенераторов,CGN-20230106005,,,
Гуандун,сейсмометрическая система KIS,CGN-202303170003-N1,Проект LF LOT104F,Хинонжиниринг лимитед,
"Пекин, Тойота",шкафы для высоковольтных переключателей с высоким давлением,CGN-202304060015,,Чайна Хинэ,
"провинция Цинхай, Тибетский автономный район Хайси-Монголия, город Герму",оборудование для компенсации за неустойчивость на озере Цинхайхен,CGN-202303140010,,Чайна Хиросима,
"Янцзы, провинция Гуандун",механические ручки для линейных корпусов,CGN-202301030002-N1,,Чайна институт ядерной энергии,
"провинция Чжэцзян, муниципалитет Каньшань, округ Чжуншань",оборудования для морской ветроэнергетики (переоборудование),CGN-202303210001,,Ветроэнергетика,
Фуцзянь,Проект по ремонту нетехнических производственных помещений за пределами UD на 2023-2024 годы,CGN-202301120002,,,
Шэньчжэнь,"материалы для предварительной замены трубы из углеродной стали СЕН, блок 1/2 АЭС Большой Азиатский залив",CGN-CGN,"Проект по закупке материалов для предварительной замены трубы из углеродной стали СЕН, блок 1/2 АЭС Большой Азиатский залив",,
"Хунань, Юнчжоу, округ Нойда",проект EPC,CGN-20221008001,,Новая энергетика,
Условия торгов,В рамках этого проекта &lt; &lt; Нижняя Монголия &gt; &gt; закупила вторую систему камер УНИТА (пункт 2: &lt; &lt; Запуск &gt; &gt; станции &lt; &lt; Ф &gt; &gt; и &lt; &lt; Г &gt; &gt; ),CGN-20230224003,,,
"Юньнань, муниципалитет Цюй, Цзюй",оборудование AIS на открытом воздухе,CGN-202212080005-N1,,,
провинция Шаньдун,противопожарное оборудование завода,CGN-202306080012,Утвержден проект проекта SK LOT49A по противопожарному противопожарному оборудованию завода (номер тендера: CGN-202306080012),Чайна Хинси,
"префектура Аньхой, муниципалитет Тяньаньмэнь",первый слияние кабелей (первый пункт: региональный кабель Аньхой),CGN-20230105007,,,
"Гуандун, Чжэцзян и Фуцзянь",Оборудование для нагрева воды,CGN-202306140007,,Чайна инжиниринг лтд.,
"Вэньчжоу, Чжэцзян",Проект по созданию и техническому обслуживанию подсистемы управления измерениями проекта CS (перезакупка),CGN-202302160002-N1,Глава I. Объявление конкурса на проект создания и обслуживания подсистемы контроля за измерениями проекта CS (перезакупка),"компании, ограниченного числа ядерных работ торгующей",
провинция Шаньдун,Проект 1-2 проекта SK LOT120Na (RPV Metal теплица),CGN-20230210001,,Чайна Инжиниринг лимитед,
Гуандун,Проект Интегрированная стадия предварительного строительства и установки ветряных установок,CGN-202211080004,,,
проект AD: Гуандун,атомный бесшовный трубопровод с углеродной стали (перезакупка),CGN-CGN,,,
Гуандун,Наземный проект 5,CGN-20230227001,,,
"Янцзы, провинция Гуандун",экспериментальное оборудование для оси проекта,CGN-202301120004-N1,,Чайна Хино,
"префектура Сычуань, муниципалитет Гуаньюань, округ Шин",220 кВ ветровую площадку для проекта 220 кВ,CGN-202306020007,Проект 220 кВ ветроэнергетической электростанции &lt; &lt; Хинси &gt; &gt; ,Чайна Хинэ,
"Синьцзян-Уйгурский автономный район, Тэгу, округ Лоуп",фотоэлектрические установки на базе экологически чистой энергетики,CGN-20230705008,,Мушук лимитед,
"префектура Сычуань, муниципалитет Чжоучжоу, префектура Гуань",,,,,
"Чунцин, округ Чунцин",оборудование для компенсации за неустойчивость в Чжунцине,CGN-20230314009,,,
провинция Шаньдун,Электрогенератор LOT40,CGN-20230207005,Проект CW Электрогенератор LOT40 (заявочный номер проекта: CGN-20230207005),Чайна Хинон инжиниринг лтд.,
Гуандун,Услуги по мониторингу окружающей среды в рамках проекта &lt; &lt; Тайпин &gt; &gt; (2023 - 2025),CGN-202303310006,Объявление тендера на услуги по мониторингу окружающей среды в рамках проекта &lt; &lt; Тайпин &gt; &gt; (2023 - 2025),,
Шаньдун,Насосы по водоснабжению на важнейших заводах,CGN-20230316002,Проект тендера No CGN-20230316002,,
Пекин,шкафы безопасности и внутренние приложения для системы DCS-контроля на атомной электростанции,CGN-202304100011,,,
"префектура Сычуань, муниципалитет Гуаньюань, округ Шин","электрические дороги, подвесная платформа, фундаментальная инженерия ветряной машины",CGN-202304240016,,,
Гуандун,подводный кабель и повязка,CGN-20230217003,,,
"префектура Аньхой, муниципалитет Тяньаньмэнь",оборудование для замены коробок (третий пункт: переменная емкости для эмблемы),CGN-202301050011,,,
"провинция Ганьсу, муниципалитет Кананг, муниципалитет ",120 МВт фотоэлектрического проекта EPC по генеральному контракту,CGN-202302020003,,Новая энергетическая компания,
"Хубэй, Хуанган, округ Чун",энергоблоков и их вспомогательного оборудования,CGN-202303210006-N1,,Инк.,
"Немонгольский автономный район, УНИТА, правый флаг Корнея",оборудование для камер УНИТА,CGN-202211140007,,Новая энергетическая компания Corp.,
Гуандун; Янцзян,оборудование для сборки компонентов проекта,CGN-202212020003-N1,,,
Порт-оф-Си,Проект по ремонту на Ядерном острове 2023-2026 гг.,CGN-20221019003,,Чайна Инжиниринг лимитед,
,,,,,
"Аньхой, Сечжоу, Шоу",оборудования для ветроэнергетических установок,CGN-20221220003,,Хинго,
"провинция Цинхай, тибетский автономный район Хайси-Монголия, муниципалитет Деринха",вторая система камер для розливых озер,CGN-20230420006,,Чайна-Хеллоу,
провинция Шаньдун,Устройства системы хранения и распределения газа на заводе по проекту SK LOT8,CGN-20230518001,,Чайна Хинэ,
"Гуанси-Шань, Стохэ, Оливье",строительство твердыни на дорогах в Хироси,CGN-20221027001,Открытое объявление о тендере на строительство твердыни на дорогах в Хироси (Контингент: CGN-20221027001),Синьцзян энтерпрайз,
"префектура Гуйчжоу, автономный округ Минамбуйи, префектура Гуйтинг",первый сегмент проекта 2023 года по изучению новых источников энергии,CGN-20230306007,Объявление тендера на первый сегмент проекта 2023 года по изучению новых источников энергии (Контингент: CGN-20230306007),Ветроэнергетическая компания,
Гуандун,"клапаны с низким и средним давлением, клапаны и клапаны отвода",CGN-20230310002,,,
"Синьцзян-Уйгурский автономный округ, Алтайский район, Гимуна",Комплексный проект 35кВ по строительству и установке коробок (раздел A),CGN-202208230001-N1,,,
"Синьцзян-Уйгурский автономный округ, Та-Сити, округ Торри","300 МВт ветряные дорожки, платформы, ветряные машины и контейнеры",CGN-202209220001-N1,,,
"префектура Сычуань, муниципалитет Гуаньюань, округ Шин",электрическая линия,CGN-202306020005,,,
"префектура Аньхой, муниципалитет Тяньаньмэнь",100 МВт ветряный проект PC,CGN-20230529004,Объявление тендера на строительство новой станции HLF,Хиросиэнэ,
Цзяннань,"Проект CS проекта 3 и 4 LOT130Aa, первая партия сборных контейнеров для ядерного острова (по пункту 1 (группа 3)): 3-я группа Контейнер (21 единица) (номер тендера: CGN-202302130004)",CGN-202302130004,,Чайна Инжиниринг лимитед,
"Синьцзян-Уйгурский автономный район и Тэгу, округ Лоуп",оборудование для компенсации за неработанное оборудование на базе Синьцзян в 2023 году (третий пункт: фотоэлектрический проект),CGN-202307060014,,Мушук лимитед,
Порт-о-де-Гонконг,Проект комплексного планирования строительства вокруг здания BX (перезакупка),CGN-202301110010-N1,,,
"Пекин, Тойота",Закупка в рамках проекта AIS 2023 года (первый пункт),CGN-CGN,Объявление предложений,,
"Синьцзян-Уйгурский автономный округ, Баян-Монгольский автономный округ, Жуан","1 млн. кВт ветровых дорог, платформ, ветряной базы и коробки",CGN-20230706009,"Синьцзян-Синьцзян-цзян-Уаньцзян-Уйгурский проект предусматривает строительство 1 млн. кВт электрического поля, платформы, ветряная база и коробки",Чайна Хинэ,
"префектура Аньхой, муниципалитет Тяньаньмэнь",Электроэнергетическая станция 143 МВт 286 Втт,CGN-202212130002,,,
"Шэньчжэнь, провинция Гуандун",Информационно-инженерная инженерия в Центре по подготовке кадров в области ядерной инженерии Китая,CGN-20221028002,Объявление о тендере на проектирование информатики в Центре подготовки по ядерной инженерии,Чайна энжиниринг лимитед,
"Шэньчжэнь, провинция Гуандун",Проектная коммутаторная машина PMC для работы с интеллектуальными тренинговыми устройствами,CGN-20221229001,,Чайна Хиросима лтд.,
Гуандун,"Устройство для испытаний на водяном давлении на блоке LOT120Q SG проекта Gangladesh LF проекта 5, 6",CGN-20230508001,,,
"Автономный район Гуанси-Шань, муниципалитет Чинбэя",новые источники энергии,CGN-20230227007,Объявление тендера на новые источники энергии в Китае в 2023 году,Чинбэйз,
"провинция Джилин, Белый город, Гранд-Ан",электрическая линия,CGN-20230228006,Интегрированная энергетика мощностью 490 МВт (пункт 1),Energy White City Ltd.,
,,,,,
"Гуанси-Шань, Стоун, округ",1200 МВт для проекта по водонапорной энергетике в Хисаси,CGN-20230216005,,Новая энергетическая компания,
"Чунцин, Чунцин, Китай",оборудование для замены коробок в 2023 году,CGN-20230320002,,Чунцин,
"Чунцин, Чунцин, Китай",оборудование для замены коробок в 2023 году,CGN-20230320002,,Чунцин,
Место проведения торгов:,Проект SK LOT134Ga Ядерный центробежный насос 3-го уровня,CGN-20230320002,,,
Место проведения торгов:,Проект SK LOT134Ga Ядерный центробежный насос 3-го уровня,CGN-20230320002,,,
Ляонин; Далянь; Вау,оборудования для проведения анализа и предварительной обработки образцов на передней станции Красная речка,CGN-202303020004-N1,,,
"провинция Джилин, Белый город, Гранд-Ан",Проект по временному удалению маршрута 220 кВ на базе СУГК,CGN-202305310006,,,
"префектура Гуйчжоу, автономный округ Минамбуйи, префектура Гуйтинг","55 МВт ветроэнергетики в рамках проекта по строительству дорог, платформ, ветровой инфраструктуры и коробки",CGN-202306140012,,Чжоу ветряная энергетика,
Гуандун,"Устройство для мониторинга концентраций водорода в защищенной оболочке корпуса LOT101T для проекта &lt; &lt; Земля &gt; &gt; , проект 5, проект &lt; &lt; Земля &gt; &gt; (номер тендера: CGN-20230407006)",CGN-20230407006,,Чайна Хинэ,
Гуандун,услуги по детальной съемке экспериментальных устройств,CGN-20230515004,,,
"Автономный район Гуанси-Маньчжур, муниципалитет Чжунцзян, южный порт",наружное высоковольтное оборудование,CGN-20230529006,,Южные Ветроэнергетики,
"Синьцзян-Уйгурский автономный район и Тэгу, округ Лоуп",1 млн кВт-диапазона оптико-волнового поля PC,CGN-202307050017,Четверо пунктов проекта генерального подряда на PC в 1 млн кВт-диапазоне Лоупо на базе экологически чистых источников энергии в Синьцзяне (запрос предложений),China Solar Energy Successing Ltd.,
"Вэньчжоу, Чжэцзян",Сервис по мониторингу почвенно-растительного покрова,CGN-20230718002,Проект CS Сервис по мониторингу почвенно-растительного покрова,Чайна Хинси,
Шаньдун,Проект SK LOT4 (группа аэродинамических сил) (заявка на тендер No CGN-20230206001),CGN-20230206001,,Чайна Хинэ,
"Гуандун, Чжэцзян",водонапорные насосы для массовых захоронений,CGN-20230420004,,Чайна Инжиниринг лимитед,
"Шэньчжэнь, провинция Гуандун",,CGN-20230315002,,Чайна энтерпрайз,
"Синьцзян-Уйгурский автономный округ, Баян-Монгольский автономный округ, Жуан",оборудования GIS на открытом воздухе,CGN-202307040025,,,
атомная электростанция Тайпин в префектуре Уидон,оборудование для обработки сточных вод,CGN-202301170010,,Чайна инжиниринг лимитед,
"провинция Юньнань, город Юйцзи, округ Яньцзян-хани","фотоэлектрической зоны в рамках проекта 50 МВт, строительство электрической линии в районе строительного поля",CGN-20220927006,Объявления о тендере (Конференция: CGN-20220927006),Чжунцзян энтерэн,
"Синьцзян-Уйгурский автономный округ, Баян-Монгольский автономный округ, Каньон",100 МВт закупка первого сегмента фотоэлектрического проекта (закупка предложений по проекту),CGN-20230406003,Объявления о торгах,Новая энергетическая компания,
Шаньдун,контроль за функционированием системы контроля за водной средой в рамках проекта CW,CGN-20230410001,"Проект финансируется за счет самофинансирующегося предприятия и уже реализован, а заказчиком является компания Sandong Atom. В рамках этого проекта уже имеется тендерная заявка",Сандон Атом,
Автономный район Гуанси-Шань; город Порт-о-де-Морт; муниципальный округ,Проект BT LOT7A (запрос No: CGN-20221024007),CGN-20221024007,,Чайна Инжиниринг лимитед,
Гуандун,"35kV SVG динамический пакет компенсации за неработанную работу, находящийся в центре контроля над морской ветровой электроэнергией в порту Хучжоу-2 (серия тендерных проектов)",CGN-202211220002,,,
"Синьцзян-Уйгурский автономный округ, Та-Сити, округ Торри",75 MW300 MWh для хранения энергии в башне проекта с 300 МВт ветряной установкой,CGN 202212120001,,,
Шаньдун,Устройство на Ядерном острове,CGN-202304120006,Проект SK LOT140Ic,Чайна Хинон инжиниринг лтд.,
"Пекин, Тойота",сбор фотоэлектрических компонентов (1 значок),CGN-202307040016,,,
"префектура Аньхой, муниципалитет Тяньаньмэнь",оборудования для хранения энергии 286 МВт,CGN-20230608002,,China New Energy Angeles Ltd.,
Гонконгский автономный округ,Проект по перестройке производственных командных центров в Порт-о-Пренсе,CGN-202304110005,Конференция No: CGN-202304110005,,
"Шэньчжэнь, провинция Гуандун",система обнаружения без ущерба для проекта,CGN-20221017003,,Чайна Хиросима инк.,
порт Хиросимы,морские ветровые электростанции,,Глава I. Мониторинг окружающей среды в течение периода строительства морских ветровых электростанций в портах Хиросимы,,
материк Китая,кабель и перепроверка кабельного приложения,CGN-20221109001,"Проект AN, BJ, LF проект LOT73Y кабель и перепроверка кабельного приложения (номер тендера: CGN-20221109001)",Чайна Хинон инжиниринг лимитед,
Гуандун,Портативная электростанция,CGN-202301180001-N1,,,
"Пекин, Тойота",шкафы для высоковольтных переключателей,CGN-202304060016,,Чайна Хинэ,
Гуандун,Устройство крепления цементной линии LOT130Ia TES в рамках проекта LF,CGN-20221125004,,Чайна инжиниринг лтд.,
"Пекин, Тойота",мониторингу и оценке новых источников энергии,CGN-20230524005,Объявление о торгах в рамках второго этапа проекта 2023 года по мониторингу и оценке новых источников энергии (Контингент: CGN-20230524005),Энергетическая компания Dun State Company,
провинция Шаньдун,Проект SK LOT47 с двойной крановой тягой,CGN-20230330008,,Чайна Хинон инжиниринг лтд.,
"Хэйлунцзян, муниципалитет Хэйэя, 5 крупных городов",200 МВт проект по закупке электрической линии в рамках первого этапа проекта по закупке электрической линии,CGN-20230606002,,5 новых энергетических компаний,
,,,,,
"Пекин, Тойота",Матрица комплексной автоматизированной системы электроснабжения 2023 года,CGN-202304060018,,,
"Ханнань, муниципалитет Запои, округ",100 МВт (200 МВт) Проект по созданию энергетических мощностей EPC,CGN-20230428003,Китайский документ 37-1trans.txt,Чайна Хинэ,
"Тибетский автономный район, район Али, округ Планд",холодные насосы,CGN-20230207003,,Али,
"провинция Гуйчжоу, 6 водохозяйственных городов, 6 специальных районов",70 МВт ветряной линии,CGN-202307060012,,,
Шаньдун,Устройства охлаждающие насосы,CGN-20221010005,Проект SK LOT134D,Чайна Хинэ,
"Шэньчжэнь, провинция Гуандун",аналитического устройства для отслеживания процесса сварки,CGN-20230515003-N1,,Чайна атомная энергетика,
"Автономный район Гуанси-Шань, муниципалитет Чинбэя",основное оборудование для замены джилона в северном районе Хинсицина,CGN-20230215002,,,
Гуандун,Обыкновенный островной герметизированный клапан,CGN-20230320001,Проект LOT45H (номер тендера: CGN-20230320001),,
"Тяньцзинь, Тяньцзинь, округ Нин",35kV электрическая линия 35kV и PC-инжиниринг коробки,CGN-202211230002,,,
"Синьцзян-Уйгурский автономный округ, Баян-Монгольский автономный округ, Жуан",генераторное оборудование для ветроэнергетических установок (включая баки),CGN-20230703002,Железнодорожный переключатель для китайской ядерной энергетики,,
"провинция Джилин, Белый город, Гранд-Ан",электрическая линия,CGN-20230228007,,Energy White City Ltd.,
"провинция Хубэй, муниципалитеты префектур (*), Тяньмен","80 МВт ветряные дороги, основы ветряной машины, 35кв-электрические линии и установка коробок",CGN-20220929001-N1,"80 МВт ветроэнергетического проекта, основы ветроэнергетики, 35кв электрической линии и установки коробки (перезагрузка)",Чайна Нью Энерджи Лейкс Лтд,
,,,,,
Чжэцзян,Проект CS Проект в области гражданского строительства,CGN-202212010002,Объявление тендеров на строительство объектов CS (Контингент: CGN-202212010002),,
"провинция Цзянсу, муниципалитет Саутонг",200 МВт для проекта EPC по генеральному подряду,CGN-202211180004,,Energy Ltd.,
провинция Шаньдун,основной паровой трубопровод,CGN-202306120001,Проект SK LOT140Cc,Чайна Хинон инжиниринг лтд.,
Гуандун,Проект LOT150K &lt; &lt; Ядерный курильник &gt; &gt; для проекта LF (Конференция No CGN-202301110006),CGN-202301110006,,,
,,,,,
"провинция Чжэцзян, муниципалитет Каньшань, округ Чжоу",120 МВт закупка второго сегмента 1-го проекта по закупке 1-го участка (заказ),CGN-20230406002,,Новая энергетическая компания,
Фуцзянь,Проект BZ проект LOT134Ab экстренный водонасосный насос (запрос No CGN-20230110003)),CGN-20230110003,,Чайна Хинонжиниринг лтд.,
Фуцзянь,Проект BZ проект LOT134Ab экстренный водонасосный насос (запрос No CGN-20230110003)),CGN-20230110003,,Чайна Хинонжиниринг лтд.,
"провинция Джилин, Белый город, Гранд-Ан","Дорога, платформа, ветряная база и коробка",CGN-202301110003,,Белая энергетика,
"провинция Джилин, Белый город, Гранд-Ан","Дорога, платформа, ветряная база и коробка",CGN-202301110003,,Белая энергетика,
"Автономный район Гуанси-Маньчжур, муниципалитет Чжунцзян, южный порт",50 МВт наземной ветровой электроэнергии,CGN-202305240014,,,
"Пекин, Тойота","10-й пункт 10-го серийного контрольного пакета второго проекта по новой энергии 2023 года (запрос No: CGN-202305240011 г. - утверждено, проект финансируется за счет самофинансирования и реализовано, торгующее заказчиком в новом районе Гуанчжоу)",CGN-202305240011,Объявление тендера на десятый пункт 10 проекта 2023 года по изучению новых источников энергии (Контингент: CGN-202305240011),Энергетическая компания Dun State Company,
Фуцзянь,Проект BZ и основной резервуар для дизельных двигателей LOT130Ae (запрос No CGN-202303020010),CGN-202303020010,,,
"Шэньчжэнь, провинция Гуандун",Проект Интеллектуальная технология распознавания видеонаблюдения,CGN-20221216002,,,
"Синьцзян-Уйгурский автономный округ, Баян-Монгольский автономный округ, Жуан",контроль за осуществлением проекта в области ветроэнергетики мощностью 1 млн кВт в Барской области,CGN-20230703005,,Новая энергетическая компания,
провинция Гуандун,"Эксплуатационно-техническое обслуживание жилых помещений, Технология и Сервис",202301130002,,Китайское атомное предприятие Ltd.,
Пекин,шкафы небезопасного уровня для маломасштабной проектной системы DCS на атомной электростанции,CGN-20230410006,,,
"Синьцзян-Уйгурский автономный округ, Баян-Монгольский автономный округ, Жуан",35-кислотных линий электропередачи в 1 миллионе ветровых электростанций,CGN-202307130011,Закупка 1 млн. ветровых электростанций в рамках проекта 35kV (пункт 2 тендера),Чайна Хинэ,
район Пекина,"закупки на стендах системы DCS и системы DCS для проекта Машино, проект 5, проект Наземный проект , проект Наземный проект , проект Закупка , проект CGN-20230628001",CGN-20230628001,,,
"Синьцзян-Уйгурский автономный район и Тэгу, округ Лоуп",Проект создания новой энергетической базы на 100 000 кВт и 1 000 000 кВт в округе Тэоп,CGN-202306210002,,Чайна Хинэ,
"Янцзы, провинция Гуандун",шкафы управления системой Янцзы 1-4RAM (Второй повторный тендер),CGN-202207110006-N2,,,
"провинция Шаньдун, муниципалитет Тайбэя, село",400 МВт для геодезической съемки и предварительного проектирования морского фотоэлектрического проекта,CGN-202303010007,Объявление конкурса (Контингент: CGN-202303010007),Чайна Хинэ,
Гуандун,Проект LOT130Ua в рамках проекта LF (номер тендера: CGN-20230428006),CGN-20230428006,,,
"Гуандун, Чжунцин, Каннинг",оборудование для компенсации за неустойку,CGN-20230706004,,Новая энергетическая компания,
Гуандун,мобильного цементного оборудования,CGN-202212210004,,,
Чжэцзян,Проект BJ LOT104Ja для мониторинга утечек,CGN-202303150012,,,
Гуандун,Техническое обслуживание атомных жилых помещений,CGN-202304260004,Объявление конкурса на техническое обслуживание атомных жилых помещений,Чайна Хинэ,
"Немонгольская автономная область, Аллагонский союз, левый флаг",ветроэлектронное оборудование,CGN-20230106004,,И Монгольская новая энергетика,
"Немонгольский автономный округ, Силинголерский союз, Сирингхот",,CGN-20230605006,,,
"Шэньчжэнь, провинция Гуандун",,CGN-20230207006,,,
"Немонгольская автономная область, Аллагонский союз, правый флаг","башня 2 в рамках проекта Наземный ветроэнергетик , 15 МВт в Аламе, Монголия, в рамках проекта Закупка башни 2 в рамках проекта Наземный ветроэнергетик ",CGN-CGN,,Аллаго,
"Хэйлунцзян, муниципалитет Хэйэя, 5 крупных городов",кабельное оборудование,CGN-CGN,,Гранд-Лэндз лимитед,
"Синьцзян-Уйгурский автономный округ, Баян-Монгольский автономный округ, Жуан",оборудования для компенсации за неустойку на базе в Синьцзяне (пункт 2: Станция ветроэнергетического проекта 2#),CGN-202307060015,,Таймэнь таймс лимитед,
,,,,,
"префектура Сычуань, муниципалитет Гуаньюань, округ Шин",оборудование для района Сычуань,CGN-20230510008,,Ветроэнергетическая компания,
Гуандун,Проектный блок 5 и 6 LOT88E &lt; &lt; Запас &gt; &gt; для клапанов по борьбе с курением и блок управления системой вентиляции на АЭС,CGN-202302160004,,,
"префектура Гуйчжоу, автономный округ Минамбуйи, префектура Гуйтинг",2-й пункт для первого контрольного набора новых источников энергии в 2023 году (номер тендера: CGN-),CGN-20230306004,,,
"Юньнань, муниципалитет Цюй, Цзюй",электрическая линия 2-го сегмента электрической линии в Западном квартале,CGN-20230110005,,Хинан,
"Юньнань, муниципалитет Цюй, Цзюй",электрическая линия 2-го сегмента электрической линии в Западном квартале,CGN-20230110005,,Хинан,
"Янцзы, провинция Гуандун",оборудования для переоснащения топлива,CGN-20230110005,,Чайна Янь,
"Янцзы, провинция Гуандун",оборудования для переоснащения топлива,CGN-20230110005,,Чайна Янь,
"Автономный район Гуанси-Шань, муниципалитет Чинбэя",производство фотоэлектрической энергии,202304060001-N1,Объявления о торгах (Контингент: CGN-20230406001-N1),Новая энергетическая компания Чинбэй,
"Пекин, Тойота",1-й башня,CGN-202303200014,,Чайна,
"Гуандун, город Уичжоу","Экспериментальное оборудование и услуги для эффективного использования фильтров и йод-ингаляторов в составе блока 1, 2 и йо-десорбента",CGN-202307110001,,,
"провинция Хэйлунцзян, Цзиньцзян, округ Цинго",наземная ветровая энергия на 200 МВт,CGN-202303280005-N1,,China New Energy Co. Ltd.,
"Немонгольский автономный район, УНИТА, правый флаг Корнея",трансформатор камеры УНИТА,CGN-202210310006,,Новых энергетик,
провинция Шаньдун,Устройство на ядерном уровне,CGN-202304060004,,,
"Хэйлунцзян, муниципалитет Хэйэя, 5 крупных городов",оборудование в районе реки Хэйлунцзян,CGN-20230625002,,5-я компания,
Гуандун,5-й и 6-й группы проекта LOT88B (запрос No: CGN-20230316005)),CGN-20230316005,,Чайна Хинонжиниринг лимитед,
"Синьцзян-Уйгурский автономный округ, Баян-Монгольский автономный округ, Жуан",Железнодорожный переключатель для китайской ядерной энергетики.,CGN-20230703001,,,
Гуандун,"Внутренний шкаф неядерного класса на заводе LOT88C по проекту &lt; &lt; Сухопутный проект &gt; &gt; , проект 5, проект 6",CGN-202303160006,,,
"провинция Цинхай, тибетский автономный район Хайси-Монголия, муниципалитет Деринха",,CGN-20221226004,,Дилингха лтд.,
Гуандун,Проект LOT78Cb для передачи данных в рамках проекта LF (номер тендера: CGN-20230209001),CGN-20230209001,Проект LOT78Cb для передачи данных в рамках проекта LF (номер тендера: CGN-20230209001),,
"провинция Хэйлунцзян, Цзиньцзян, округ Цинго",оборудование в районе реки Хэйлунцзян,CGN-20230509004,,Киото,
"Автономный район Гуанси-Маньчжур, муниципалитет Чжунцзян, южный порт",оборудование для компенсации за неустойку,CGN-20230510007,,Южные Ветроэнергетики,
Гуандун,оборудование для водородной станции,CGN-20221108001,Проект LOT3 в рамках проекта LF для приобретения оборудования для водородной станции (проект тендера: CGN-20221108001),Хинонжиниринг лимитед,
Гуандун,Оборудование системы связи проекта LF,CGN-20230320004,,,
Гуандун,Оборудование системы связи проекта LF,CGN-20230320004,,,
"Гуанси-Шанг, муниципалитет Юйлин, индийский округ",110 кВ ветровой электростанции Гуанси-Хиндз,CGN-20230320004,,Чайна энтропия,
"Гуанси-Шанг, муниципалитет Юйлин, индийский округ",110 кВ ветровой электростанции Гуанси-Хиндз,CGN-20230320004,,Чайна энтропия,
"провинция Юньнань, город Юйцзи, округ Яньцзян-хани",установка фотоэлектрической зоны проекта 40 МВт и строительного поля для электрической линии,CGN-20220927007,Объявления о тендере (Конференция: CGN-20220927007),Чжунцзян энтерэн,
Гуандун,Система мониторинга радиационной среды на АЭС Тайпин,CGN-20221024005,,,
"Гуандун, Янцзян, Яндон",Проект по обслуживанию атомного подводного плавания Янцзы на 2023-2026 гг.,CGN-20221024003,Проект Японской службы по подводным операциям на 2023-2026 годы,,
"Янцзы, провинция Гуандун",Проект по ремонту жилых помещений в Яньцзян-Янцзяне (заказ No CGN-202306010003),CGN-202306010003,Объявление тендера на проект по ремонту жилых помещений в Яньцзян-Янцзяне (заказ No CGN-202306010003),,
провинция Шаньдун; провинция Фуцзянь,Предварительное строительство трубопровода для проекта (номер тендера:),,LOT140Pi/140Pr NICGN 20230220003,Чайна Хинэ,
Чжэцзян,стальные покрытия из ядра на АЭС LOT140Pj,CGN-20230220003,Проект проекта CS LOT140Pj по изготовлению стальных покрытий из ядра на АЭС LOT140Pj,,
"Автономный район Гуанси-Маньчжур, муниципалитет Чжунцзян, южный порт",место (закупка конкурсного проекта),CGN-202305190019,,,
,,,,,
"Чжэцзян, Кэррсинг, Хайян",30 МВт фотоэлектрического проекта EPC по производству электроэнергии на соляном терминале в Китае,CGN-20221010006,Генеральный контракт на проект EPC по производству фотоэлектрической энергии мощностью 30 МВт в рамках проекта &lt; &lt; Гидроморфный терминал &gt; &gt; (запрос No: CGN-CGN),,
"Пекин, Тойота",услуги по оценке участия компании &lt; &lt; Энергонеэнергетика &gt; &gt; ,CGN-202207250005-N2,Проект по закупке услуг по оценке участия компании &lt; &lt; Энергонеэнергетика &gt; &gt; (второе повторное предложение),Энергоноэнергетическая компания,
"Шэньчжэнь, провинция Гуандун",Проект матрицы поддержки разработки программного обеспечения компании IQ (показатель 02 - Интеллектуальный синергетический бизнес)),CGN-202303030004,(Контингент: CGN-202303030004),,
провинция Шаньдун,1000 кВ,CGN-20221129004,Тематическое объявление о тендере на 1000 кВ в рамках проекта CW,Шэньчжэнь Чжэнь,
"Ханан, Цзиньян, префектура Инцзян",100 МВт наземной ветровой электростанции 110 КВ,CGN-202208310005-N1,,,
"Синьцзян-Уйгурский автономный район и Тэгу, округ Лоуп",Контрольный пункт 2 на базе Синьцзян-Синьцзян-цзян и в рамках проекта Тэоп 1 млн. кВт,CGN-20230703007,,,
"провинция Цинхай, тибетский автономный район Хайси-Монголия, муниципалитет Деринха","500 МВт ветроэнергетического проекта 500 МВт в Китае, платформы для подвески, фундаментальные работы ветротехники",CGN-20230316007,,Чайна-Хеллоу,
"провинция Джилин, Белый город, Гранд-Ан","Дорога, платформа, ветряная база и коробка",CGN-202301110004,,Белая энергетика,
,,,,,
"Гуанси-Маньчжурский автономный округ, Хочжоу, Чжуншань",новые источники энергии,CGN-20230628005,,Чайно-Ядерные часы,
"Гуанси-Шань, Стохэ, Пинъюн",100 МВт проект EPC по генеральному подряду,CGN-202303240001,,Cloud,
"Синьцзян-Уйгурский автономный район и Тэгу, округ Лоуп",ретрансформатор проекта &lt; &lt; Лоп 1 млн кВт &gt; &gt; на базе экологически чистой энергетики,CGN-202307050011,,,
"префектура Гуйчжоу, автономный округ Минамбуйи, муниципалитет","80 МВт, 50 МВт ветряной дороги, повесную платформу, инфраструктуру ветряных машин",CGN-202306140011,,,
"Тяньцзинь, Тяньцзинь, округ Нин","ветроэнергетический проект Тяньцзинен 35 МВт, башня проекта Сухопутный ветер, 40 МВт нового источника энергии",CGN-202305310001,,,
Гуандун,"Сухой проект 5, блок 6 LOT101La (сжиженный и жидкий переключатель неядерного класса)",CGN-202304230004-N1,,,
"Пекин, Тойота",8-й сегмент 2023-го проекта по новым источникам энергии,CGN-20230524009,Объявление о торгах на 8-й сегмент 2023-го проекта по новым источникам энергии (Контингент: CGN-20230524009),Энергетическая компания Dun State Company,
"префектура Сычуань, муниципалитет Чжоучжоу, префектура Гуань","лифтовая станция 110 кВ, 35 кВ и установка коробок",CGN-20230518004,"Проект конкурса строительства лифтовой станции 110 кВ, 35 кВ и установка коробок",Хунчэн,
"провинция Цзянсу, муниципалитет Саутонг","Проект &lt; &lt; Локальные комбинации &gt; &gt; , демонстрационная база &lt; &lt; Ван Ага &gt; &gt; в зоне комплексного развития сельского хозяйства &lt; &lt; Цзянсу &gt; &gt; ",CGN-20230324006,Объявление тендера на строительство новой станции HLF,,
Гуанси,Проект BT LOT150Bb DEL Холодный гидравл (переторг),CGN-202210120002-N1,,Чайна Хинон инжиниринг лтд.,
Шаньдун,Водный насос в экстренном порядке (проект тендер No CGN-20221010004),CGN-20221010004,,Чайна Хинэ,
"провинция Цзянси, муниципалитет Чжоу, округ Ричуань",150 МВт сельскохозяйственного (лесного) фотоэлектрического проекта EPC,CGN-202307060013,,Наньчан,
Гуандун,проект LF LOT130Af ASP охлаждающий конденсатор и частичное переключение,CGN-20230428001,,,
,,,,,
провинция Шаньдун,Интегрированное устройство для охлаждения проб между пробами проекта SK LOT130N REN,CGN-202305110003,,Чайна инжиниринг лтд.,
Чжэцзян,охлаждающий насос для реактора,CGN-20221019001,,,
"Синьцзян-Уйгурский автономный округ, Баян-Монгольский автономный округ, Жуан",основное оборудование для проекта «Синьцзян» (второй пункт: проект ветроэнергетики),CGN-20230704003,,,
"Янцзы, провинция Гуандун",проект строительства новой резервной линии водоснабжения для кольцевой сети Яньцзян с высоким атомным водоемом до 5/6,CGN-202303150013,,,
"префектура Аньхой, муниципалитет Тяньаньмэнь",основное оборудование для крепления в городе Гуаняня,CGN-202301050012,,Хинэ Энго Лтд.,
"Шэньчжэнь, провинция Гуандун",Проект в рамках базы данных RPV для мониторинга облучения и его исследования по ключевым вопросам,CGN-202210120005,,,
провинция Шаньдун,Неядерный центробежный насос,CGN-202303310005,Проект SK LOT134Gb,Чайна Инжиниринг лимитед,
"Синьцзян-Уйгурский автономный округ, Баян-Монгольский автономный округ, Жуан","1 млн. кВт ветровых дорог, платформ, ветряной базы и коробки",CGN-20230706008,Объявление тендера на три основных участка,Чайна Хинэ,
"Синьцзян-Уйгурский автономный округ, Баян-Монгольский автономный округ, Жуан",компенсационное оборудование на базе Синьцзян,CGN-202307060016,,Таймэнь таймс лимитед,
"префектура Сычуань, муниципалитет Гуаньюань, округ Шин","электрическая дорога, подвесная платформа, фундаментальная инженерия ветряной машины и т.д.",CGN-202304240017,Объявление предложений по трем пунктам проекта (Контингент: CGN-202304240017),Чайна,
провинция Гуандун,Проект по оценке безопасности гор на Японской АЭС,CGN-202304130007,Глава I Объявление тендера на проект по оценке безопасности гор на Японской АЭС (Контингент: CGN-202304130007),,
"Шэньчжэнь, провинция Гуандун",экспериментальное оборудование для высокотемпературной свинцово-свинцовой среды,CGN-202305100014,,Чайна Хинан,
"Гуандун, Янцзян",Основы проектно-конструкторских работ на Японском атомном электростанционном заводе,CGN-202210240006,,,
Гуандун,Ремонтно-ремонтные работы на АЭС &lt; &lt; Тайпин &gt; &gt; ,CGN-20221109003,,Чайна инжиниринг лтд.,
Гуандун,большой резерв материалов LOT140Cm для нержавеющей стали малой калибровой трубы,CGN-20230529001,,,
Шэньчжэнь,использование экспериментальных измерительных приборов для теплообработки проекта,CGN-202301120001-N1,(номер тендера: CGN-202301120001-N1),Чайна институт ядерной энергии,
"Чунцин, Чжэцзян",оборудование для ветрогенератора ветроэнергии ветряной электростанции,CGN-20230109003,,China and China New Energy Jong Kong Ltd.,
"Синьцзян-Уйгурский автономный округ, Та-Сити, округ Минь",комплекта SVG в ветряной электростанции,CGN-20230607004,Замена комплекта SVG в ветряной электростанции (номер тендера: CGN-20230607004),Чайна Хинэ,
"Хубэй, Хуанган, округ Чун",технические услуги измерительного центра проекта по гидроэнергетике,CGN-20230110001,Закупка технических услуг Центра измерения проектов в области гидроэнергетики,,
Пекин,шкафы безопасности и внутренние приложения для системы DCS-контроля на АЭС-проектах,CGN-202304100012,,,
"Юньнань, муниципалитет Цюй, Цзюй",Проект по озеленению воды и восстановлению окружающей среды в рамках проекта Hong Konga New Energy (запрос No CGN-CGN),20230630003,,,
"Гуандун, Шэньчжэнь",Проект по оценке безопасности информационных систем на 2023-2024 годы (номер тендера: CGN-20221206002),CGN-20221206002,,,
Чжэцзян,Проект BJ-1 BOP (второй контрактный пакет),CGN-202301130001,,,
Фуцзяньнинд,Проект по модернизации 3MX и 9PX (третий повторный тендер),202201280003-N3,,Фуцзяньнинд,
"префектура Гуйчжоу, автономный округ Минамбуйи, муниципалитет",,CGN-20230710001,,,
"Автономный округ Нинсяя, Синьчуань, Пинхуа",Предварительный проект водородного автономного водорода мощностью 1 млн. кВт,CGN-202304240003,,Новая компания с ограниченной энергетической ответственностью,
"Синьцзян-Уйгурский автономный округ, Та-Сити, округ Торри",проект по монтажу,CGN-202212080011,Объявление тендера на проект по монтажу,Чайна Хинэ,
"провинция Юньнань, город Таити, Уаньин",линия,CGN-202209280013,,Чайконин,
Гуанси-Шань,Насосы и аэрозольные насосы на ядре,CGN-20221103002,Проект &lt; &lt; Гуанси БТ &gt; &gt; LOT134Ha ( &lt; &lt; Насосы и аэрозольные насосы на ядре &gt; &gt; ),Чайна Инжиниринг лимитед,
провинция Цзянсу; муниципалитет Су; округ Гусу,высоковольтных ионосферных установок системы мониторинга радиационной среды на АЭС &lt; &lt; Тайпин &gt; &gt; ,CGN-202306020009,,,
,,,,,
,,,,,
Гуандун,Проект проекта SK LOT190S Lockheed для атомного взрыва на острове,CGN-202304030004-N1,,,
"провинция Цинхай, тибетский автономный район Хайси-Монголия, муниципалитет Деринха",500 МВт ветроэлектроэнергия,CGN-20230320008,,,
"Хэйлунцзян, муниципалитет Хэйэя, 5 крупных городов",200 МВт инженерные работы в области наземного ветроэнергетики,CGN-202303280006-N1,,,
страна,Долгосрочное соглашение о сотрудничестве по теме предварительной оценки безопасности на рабочем месте (2023),CGN-20230406008,,,
провинция Шаньдун,Оборудование для нагрева воды,CGN-202304060012,,Чайна Хинон инжиниринг лтд.,
"Шэньчжэнь, провинция Гуандун",технологии интеллектуального регулирования поведения персонала на атомных электростанциях,CGN-20230526003,,Чайна энтерпрайз,
"Гуанси-Шань, Стохэ, Пинъюн",распределенная фотоэлектрическая электростанция в Янгоне (перезаключение),CGN-202303060009-N1,,Энтерпрайз,
"провинция Гуйчжоу, муниципалитет Анхен, округ Хунглингбуйи",50 МВт ветряная дорога в Гуанцзяне,CGN-202306140013,,,
"Хубэй, Хуанган, округ Чун",электроэнергетическая электростанция,CGN-20230414002,,,
"префектура Юньнань, чусуньский автономный округ, префектура Осаки","110 кВ ветряная станция, 35 кВ электропроводы и установки коробок",CGN-2022127002,,,
"Хубэй, Хуанган, округ Чун",проектирование проектных работ и проектирование проектных работ (запросы предложений),CGN-20221215001,,China New Energy Corp.,
"Автономный район Гуанси-Маньчжур, муниципалитет Чжунцзян, южный порт",110 кВ ветровой электростанции &lt; &lt; Саут-Мук &gt; &gt; в Порт-Кусигуйском порту,CGN-20221028001,Объявление тендера на переработку генерального подряда EPC (Контингент: CGN-20221028001),Чайна Хинэ,
"Хубэй, Хуанган, округ Чун",гидроэнергетическим заводом и строительством на склоне завода,CGN-20230419006,,Инк.,
"Чунцин, округ Чунцин",Региональный кабель в Чунцине,CGN-202303140016,,Чайна Хинэ,
Гуандун; город Уичжоу; округ Уидон,электрического оборудования в АТЦПТ (третий тендер),CGN-202204240004-N2,,,
"Чжэцзян, Вэньчжоу",Услуги по фундаментальному тестированию (перезагрузка) в рамках проекта &lt; &lt; Чжэцзян &gt; &gt;,CGN-202301170011-N1,Глава I. Объявление тендера на предоставление услуг по фундаментальному тестированию (перезакупка) в рамках проекта Jiang BJ,Чжуннань энтерпрайз,
"Шэньчжэнь, провинция Гуандун",оборудование для системы высоковольтного технологического процесса,CGN-202304270011,,,
Гуандун; город Уичжоу; округ Уидон,оборудования для лабораторных приборов,CGN-20220819001-N1,,Чайна Хинэ,
Гуанси,Проект BT LOT130Ra фильтрации для замены оборудования для перевалки,CGN-20221107004,,Чайна инжиниринг лтд.,
"Чунцин, Чунцин, округ","50 МВт наземный ветроэнергетический проект, модификация коробки и проект закупок дорожной инфраструктуры (перезаключение)",CGN-20230309002-N1,,,
"провинция Цзянсу, муниципалитет Саутонг",оборудование связи,CGN-20230605002,,Energy Ltd.,
"провинция Хэйлунцзян, Цзиньцзян, округ Цинго","200 МВт ветряная дорожка, платформа, ветряная база и коробка",CGN-202304280004,Объявление тендера,Синокао,
"провинция Джилин, Белый город, Гранд-Ан",2-1 (100 МВт фотоэлектрической тепловой связи) ЕПК,CGN-20230605007,,Дань,
"Юньнань, муниципалитет Цюй, Цзюй",480 МВт ветряная электростанция (Западный А район),CGN-202209280011,,,
"провинция Хэйлунцзян, Цзиньцзян, округ Цинго",кабельное оборудование,CGN-CGN,Закупка кабельного оборудования в районе Хэйлунцзян в 2023 году (пункт 2: Проект Цюганьань),Гон Лтд.,
Гуандун,атомные подвески класса LOT140Jh для крупного хранилища материалов проекта,CGN-202306070010,,Чайна Хинси,
"Автономный район Гуанси-Маньчжур, муниципалитет Чжунцзян, южный порт",оборудование для башни 2-го башня в порту Гуанси,CGN-20230519002,,Ветроэнергетическая компания,
"префектура Сычуань, муниципалитет Гуаньюань, округ Шин",1-й подъемный станцией и строительством электрической линии на 100 МВт в рамках проекта 1-го подъемного трамвайного ветроэнергетического комплекса &lt; &lt; Сычуань &gt; &gt;,CGN-20230602004,Уведомление о торгах на закупки (Контингент: CGN-202306020004),,
"Пекин, Тойота",сбор фотоэлектрических компонентов,202307040010,,,
Гуандун,динамической системы многократной загрузки (третий тендер),CGN-202305230007-N2,,,
"Хэйлунцзян, муниципалитет Хэйэя, 5 крупных городов","200 МВт ветряная дорожка, платформа, ветряная база и коробка",CGN-20230504006,Объявление тендера,,
Гуандун,Проект AD LOT47 для обычного острова с двойным балконом (номер тендера: CGN-20230213001),CGN-20230213001,Проект AD LOT47 для обычного острова с двойным балконом (номер тендера: CGN-20230213001),Чайна Инжиниринг лимитед,
"Чунцин, Чунцин, округ Канбэй",проект по проектированию проекта по созданию новых источников энергии в Китае и Китае,CGN-20230717006,,Новая энергетическая компания,
"Синьцзян-Уйгурский автономный округ, Та-Сити, округ Торри",75 MW300 MWh для хранения энергии в башне проекта с 300 МВт ветряной установкой (пункт 2),CGN-202212120002,,,
"провинция Цинхай, тибетский автономный район Хайси-Монголия, муниципалитет Деринха",строительство фотоэлектрической зоны в рамках проекта &lt; &lt; Интегрированное отопление &gt; &gt; (пункт 2),CGN-20221107002,Объявление конкурса генерального подряда &lt; &lt; ЭПК &gt; &gt; (Контингент: CGN-20221107002),Новая энергетическая компания,
"провинция Цюси, муниципалитет Цяо, округ",330 кВ,CGN-202302020004,330 кВ в префектуре Чжоу и уведомление о торгах на проект epc (Контингент: CGN-202302020004),Hong Kong Song Energy Ltd.,
"префектура Аньхой, муниципалитет Тяньаньмэнь",оборудования для ветрогенераторных установок,CGN-20221008003,,Си-эн-Энго лимитед,
"Синьцзян-Уйгурский автономный округ, Баян-Монгольский автономный округ, Жуан",Проект уведомления и съемки,CGN-202306210003,,,
"Гуандун, Чжэцзян",система связи для переключателей DTK,CGN-20230216001,Проект проекта AN и проект BJ LOT1Ae,Чайна энжиниринг лимитед,
"провинция Цинхай, тибетский автономный район Хайси-Монголия, муниципалитет Деринха",Интегрированная система хранения фотоэлектрической энергии,CGN-20221226005,,Дилингха лтд.,
"Синьцзян-Уйгурский автономный округ, Баян-Монгольский автономный округ, Жуан",35-кислотных линий электропередачи в 1 миллионе ветровых электростанций,CGN-202307130010,,,
"Шэньчжэнь, провинция Гуандун",кухонное оборудование,CGN-20230228003,,,
,,,,,
Пекин,шкафы небезопасного уровня для маломасштабной системы управления DCS на атомной электростанции,CGN-20230410005,,Чайна Нуклеар Системс Энджиниринг Лтд.,
"Ханан, Нью-Йорк, Ензин",топографическая съемка новой 100 МВт наземной энергии в Яньцзине,CGN-20230509002,Объявление тендера на строительство новой станции HLF,,
провинция Шаньдун,Химическая система пробоотбора и пробоотбора,CGN-20230718005,Проект SK LOT50 &lt; &lt; Химическая система пробоотбора и пробоотбора &gt; &gt; ,Чайна Хинси,
"город Нинде, Фуцзянь",Проект по разработке и применению платформы управления пожарной безопасностью в области ядерной энергетики Ниндера (научные проекты),CGN-202305220007,Глава I. Объявление тендера на проект по разработке и применению платформы Smart Fire Management (научные проекты),компании Фуцзяньнина,
Шаньдун,услуги по тестированию качества,CGN-202307110010,Объявление тендера на предоставление услуг по тестированию качества,,
"Хубэй, Хуанган, округ Чун",аккумулированной электроэнергетической станции,CGN-202301110007,,China New Energy Corp.,
Гуандун,Проектирование строительства второго склада проекта HLF (No тендера CGN-20221123001),CGN-20221123001,,,
"Хэйлунцзян, муниципалитет Хэйэя, 5 крупных городов",200 МВт ветроэнергетического проекта,CGN-20230606001,Объявление тендера на строительство новой станции HLF,,
Пекин,матрасовая башня Hyundai 2022,CGN-202210180004,,,
"провинция Шаньдун, город, корона",распределенный фотоэлектрический проект EPC,CGN-20230606009,Объявления о торгах,Хинан,
"Янцзы, провинция Гуандун",оборудование для автоматической кольцевой кольцевой трубки для защиты постоянного тока,CGN-202211170002-N1,,,
Фуцзянь,Проект BZ LOT134Bb с низким давлением (заявочный номер проекта: CGN-20230207008),CGN-20230207008,,Чайна Инжиниринг лимитед,
"Янцзы, провинция Гуандун",матрица для мобильных испытательных нагрузок,CGN-202210110009,,,
"Синьцзян-Уйгурский автономный округ, Баян-Монгольский автономный округ",34-я дивизия Синьцзян-Уйгурского легиона 100 МВт,CGN-20220930004,,Си-Эн-Энтерпрайз,
,,,,,
Шаньдун,Ядерный теплообменник на острове,CGN-20230220008,,Чайна Хинон инжиниринг лтд.,
,,,,,
,,,,,
Шаньдун,строительство в районе проекта CW,CGN-20230411002,Уведомление о торгах на строительство в районе проекта CW (Контингент: CGN-202304110002),Саньдун Атомов Ко. Лтд.,
Гуандун,"Наземный проект LOT101G, проекты 5 и 6",202303200012,,,
провинция Шаньдун,Регулирование дорожных клапанов,CGN-20230704001,Проект проекта SK LOT45M,Чайна Инжиниринг лимитед,
"Пекин, Тойота",сбор фотоэлектрических компонентов (4 маркера),CGN-2024,,,
"префектура Сычуань, муниципалитет Гуаньюань, округ Шин",электрический кабель,CGN-202306020006,,Чайна,
"Юньнань, муниципалитет Цюй, Цзюй",ветровые подвесок,CGN-20221129003,,Энергия ветра,29
Шэньчжэнь,Интеллектуальное техническое обслуживание и техническая поддержка,CGN-20221017002,,Линтон энтерпрайз,
"провинция Джилин, муниципалитет 4 Пин, префектура Сяо","30,4 МВт ветроэнергетического проекта "" EPC """,CGN-20230320003,,,
"Ляонин, Далянь, Вау",система беспроводной передачи данных компании &lt; &lt; Ляонин &gt; &gt; ,CGN-20220818001-N1,,Ляонин,
"провинция Ганьсу, муниципалитет серебра, округ Венте",распределенного ветряного производства мощностью 30 МВт,CGN-20221115005,"Объявление конкурса на реализацию проекта &quot; EPC &quot; , распределенного ветряного производства мощностью 30 МВт",Инсейн ветроэнергетик,
"провинция Гуандун, муниципалитет Чхун, &lt; &lt; Суан &gt; &gt; ",Проект строительства новой станции HLF,CGN-20230324006,Объявление тендера на строительство новой станции HLF,Чайна Хинон инжиниринг лтд.,
"Шэньчжэнь, провинция Гуандун",бронзовые бронзовые трубы для прямого электропередач,CGN-202303160012,Объявление о конкурсе на закупку бронзовых бронзовых труб для прямого электропередач (Контингент: CGN-202303160012),Чайна институт ядерной энергии,
"Хэйлунцзян, Цюси, Мишань",воздушно-десантных самолетов компании &lt; &lt; Инжиниринг &gt; &gt; (Пекин),CGN-20221115001,,,
Гуандун,Проект LF LOT150Ba DER Холодный гидравлический блок (номер тендера: CGN-20221010001),CGN-20221010001,,Чайна Хинси,
"провинция Цинхай, тибетский автономный район Хайси-Монголия, муниципалитет Деринха",500 МВт ветроэлектроэнергетического проекта в озере Цинхайо (пункт 2),CGN-20230320009,,,
"Пекин, Пекин, Хайнань",производство ядерного урана,CGN-20230419002,,"Уран, Пекин Сия восток, Интеллектуальные закупки",
"Цзянси, муниципалитет Джиан, округ Гива","Комплементарный проект PC, 70 МВт в Чжэцзян-цзяне, префектура Чжэцзян",CGN-202307050020,,,
"Синьцзян-Уйгурский автономный округ, Баян-Монгольский автономный округ, Жуан",контроль за осуществлением проекта в области ветроэнергетики мощностью 1 млн. кВт в Барской области на базе Синьцзян-Синьцзян (сценарный проект),CGN-20230703004,Контроль за осуществлением проекта в области ветроэнергетики мощностью 1 млн. кВт в Барской области на базе Синьцзян-Синьцзян (сценарный проект),Новая энергетическая компания,
провинция Шаньдун,Проект CW Проект строительства 220 кВт и проект топографической съемки первого маршрута для вспомогательных источников энергии (номер тендера: CGN-20230620001),CGN-20230620001,Проект CW Проект строительства 220 кВт и проект топографической съемки первого маршрута для вспомогательных источников энергии (номер тендера: CGN-20230620001),,
"Синьцзян-Уйгурский автономный район и Тэгу, округ Лоуп",Проект по генеральному подряду на поставку ПК на 1 млн кВт-литровых станциях на базе экологически чистой энергии в Синьцзяне,CGN-202307050018,,,
"Хэйлунцзян, муниципалитет Хэйэя, 5 крупных городов","200 МВт ветряная дорожка, платформа, ветряная база и коробка",CGN-20230504007,Объявление тендера,,
"Автономный район Гуанси-Маньчжур, муниципалитет Чжунцзян, южный порт",оборудования для преобразования коробок,202305310009,,Ветроэнергетическая компания,
"Хунань, провинция Хунань, муниципалитет Чжоучжоу, округ Сяньян",электроэнергию на солнечном солнечнике в Южно-Китайском заливе,CGN-20221027005,"Утверждено Утвержденным органом, финансирование проекта осуществляется самостоятельным предприятием, а торгующее лицо вырабатывает электроэнергию на солнечном солнечнике в Южно-Китайском заливе.",Чайна Хинэ,
провинция Шаньдун,Машинный сквозь,CGN-20230625005,Проект SK LOT140P Машинный сквозь,Хинонжиниринг лимитед,
"Хубэй, Ичан, Цзян",распределенный фотоэлектрический проект EPC,CGN-20230509005,Объявления о торгах (Контингент: CGN-20230509005),,
Гуандун,Проект LOT190K (номер тендера: CGN-20230317002),CGN-20230317002,,,
"Синьцзян-Уйгурский автономный округ, Баян-Монгольский автономный округ, Жуан","1 млн. кВт ветровых дорог, платформ, ветряной базы и коробки",CGN-202307060006,,China New Energy Trucks Ltd.,
,,,,,
Гуандун,"Морской ветроэнергетик 2PA в порту Кюсю, Уэйд",2022111160006,,,
провинция Цзянсу; муниципалитет Су; муниципалитет города,экспериментальное оборудование для замены проекта (закупка тендера),CGN-20221207003-N2,,Сучжоу энтузиатр индастриз,
"Немонгольский автономный район, УНИТА, правый флаг Корнея",сеть данных о диспетчерстве УНИТА и систему защиты безопасности,CGN-202304110006,,,
"Немонгольский автономный округ, город Чин, Флаг Онкот",Наземный ветер мощностью 1000 МВт в новом энергетическом комплексе Нижний гормон в рамках проекта Ветряная энергетика (Уланчаб),CGN-20230626001,,,
"Фуцзянь, муниципалитет Сэнди, округ Энрики","модернизированных двигателей для новой энергетической компании &lt; &lt; Энергос &gt; &gt; , &lt; &lt; Энси Лун &gt; &gt; , &lt; &lt; Саут Энфэн &gt; &gt; ",CGN-202210110006-N1,,"Энергос, Энси Лун, Саут Энфэн",
Чхун,финансирование проекта LF проекта 5-6 LOT20A (заявка на проект: CGN-20230420002),CGN-20230420002,,Чайна Инжиниринг лимитед,
Гуандун,Ядерная бака,CGN-202211240003,LOT101Dc,,
Порт-оф-Си,Проект по ремонту обычных островов и BOP на 2023-2026 годы,CGN-20221019002,,,
,,,,,
"Гуандун, Шэньчжэнь",интеграционная системы контроля за проектной интеграцией,CGN-202305180006,,,
Шаньдун,Ветряные клапаны системы ХАВК на Ядерном острове,CGN-20230329006,(LOT150Ac),Чайна Хинэ,
Шаньдун,Ветряные клапаны системы HAVC,CGN-20230329007,(LOT150Ah) (номер тендера: CGN-20230329007),Чайна Инжиниринг лимитед,
"Чунцин, Чунцин, округ","50 МВт ветряная станция в Чжунцине, электрическая, 35кВ",CGN-20230320005,,,
"провинция Гуйчжоу, муниципалитет Анхен, округ Хунглингбуйи","проект по проектированию наземного ветроэнергетического проекта в Гуанцзяне, Китай (запрос No: CGN-проект)",CGN-20230223001,,Guangzing New Energy Ltd.,
"Пекин, Тойота",сбор матрицы ретрансформаторов (северный 2 тендер),CGN-20230710004,,,
"Вэньчжоу, Чжэцзян",Проект &lt; &lt; Морская тревога &gt; &gt; в рамках проекта &lt; &lt; Чжэцзян &gt; &gt; ,CGN-20230117001,,Чайна Хинси,
Гуандун,Подводный кабель и повязка для проекта по морской ветровой электроэнергии 2PA в порту Кюсю,CGN-202212080012,,,
"Пекин, Тойота",2-й пункт 2 контрольного набора новых источников энергии 2023 года,CGN-20230524003,,Энергетическая компания Dun State Company,
,Строительное оборудование,,Закупка тендера на строительство строительного оборудования для проекта I,,
"Гуандун, Чжунцин, Каннинг",,,Глава I. Объявление предложений,,
Шаньдун,,CGN-20230208001,,,
Фуцзянь,Проект BZ LOT150Bb (DEL Horizon),CGN-20230227003,,Чайна Хинси,
"Синьцзян-Уйгурский автономный район и Тэгу, округ Лоуп",основное оборудование для проекта «Синьцзян» (четвертый пункт: фотоэлектрический проект),CGN-20230704005,,,
провинция Шаньдун,Проект проекта SK LOT140J &lt; &lt; Ядерный анклав &gt; &gt; (пункт 02 - Расширение атомной электростанции в заливе Хуань-ду-Сент-Си-Айленд),CGN-20230427008,"Пункт 2 (Проект торгов: CGN-20230427008) был утвержден, и проект финансируется за счет средств, полученных от предприятий.)",Чайна Инжиниринг лимитед,
"Пекин, Тойота",контроль и оценка новых источников энергии,CGN-202305240004,Объявление о торгах по третьему пункту 2 проекта 2023 года в области контроля и оценки новых источников энергии,Энергетическая компания Dun State Company,
"Немонгольский автономный район, УНИТА, правый флаг Корнея",проект 500 кВ в районе B УНИТА (перезаключение),CGN-202209190009-N1,Объявление о тендере на проект 500 кВ в районе B УНИТА (перезаключение),Чайна Хинэ,
Пекин,шкафы безопасности системы управления системой DCS и внутренней обработки приложений на АЭС,CGN-20230410009,,Чайна Нуклеар Системс Энджиниринг Лтд.,
,,,,,
Гуандун,Проект LOT63 в рамках проекта LF,CGN-20221116002,,Хинонжиниринг лимитед,
"Синьцзян-Уйгурский автономный округ, Та-Сити, Тауэр",башня 300 МВт,CGN-202212010004,,Торри,
"провинция Джилин, Белый город, Гранд-Ан",260 МВт ветряная установка,CGN-202304240013,,,
"Гуандун, Уичжоу, Уидон",Услуги по мониторингу окружающей среды при строительстве наземного оборудования,202210260004-N1,Объявление тендера на проект &lt; &lt; Услуги по мониторингу окружающей среды при строительстве наземного оборудования &gt; &gt; в Тэпине (2023 - 2028 годы),Чайна Хинэ,
провинция Шаньдун,финансирование проекта по проекту CW LOT120F - охлаждающий насос для реактора,CGN-20230215001,,Чайна Инжиниринг лимитед,
"Автономный район Гуанси-Маньчжур, муниципалитет Чжунцзян, южный порт",50 МВт наземной ветровой станции и строительного проекта по монтажу линий электропередачи,CGN-20230518003,,,
"провинция Цинхай, тибетский автономный район Хайси-Монголия, муниципалитет Деринха",оборудования для фотоаппаратов,CGN-202303140004,,Чайна-Хеллоу,
Гуандун,Проект LF LOT120P (компонент реакторного реактора),CGN-20230417001,,,
"Юньнань, муниципалитет Цюй, Цзюй",оборудование для компенсации за неустойчивость,CGN-20221208002,,,
"Синьцзян-Уйгурский автономный округ, Баян-Монгольский автономный округ, Жуан",ПК для проекта 220 кВт ветряной установки 1 млн. кВт (запрос No: CGN-202307170009),CGN-20230717009,Закупка ПК для проекта 220 кВт ветряной установки 1 млн. кВт (запрос No: CGN-202307170009),Таймэнь таймс лимитед,
"Нинде, провинция Фуцзянь","Проект P320+V2+ Платформа GREGSE: общая модификация системы GREGSE, вентилятор на крыше MX GB Реконструкция воротнички и комплексное обучение здания JH",CGN-202210210002,,,
Гуандун,"Проект LF 5, блок 6 LOT140Za (неRCC-M NI и сборные материалы) (номер тендера: CGN-M)",20230310003,,Чайна инжиниринг лтд.,
"провинция Анго, город с удобрениями, муниципалитет",производственных комплектов для ремонта жилых помещений,CGN-202307050012,,Энгойз лимитед,
Восточный центр,Проект строительства в Центре &lt; &lt; Светлый Восток &gt; &gt; ,CGN-20221201001,Объявление конкурса на строительство в Восточном центре (Контингент: CGN-202212010001),Хиросиэн энтерпрайз,
"Автономный район Гуанси-Шань, муниципалитет Наньнин, округ Янцзы",Проект по проектированию зданий и помещений компании &lt; &lt; Хинси &gt; &gt; в рамках проекта (проектирование офисного здания и столовой),CGN-202301170012,,Чайно-китайская горная энергетика,
Гуандун,Учебный комплекс для имитаторов LOT25B проекта 5 и 6 проекта &lt; &lt; Земля &gt; &gt; ,CGN-202304130011,,Чайна Хинонжиниринг лимитед,
"Шэньчжэнь, провинция Гуандун","Проект по переоборудованию зала заседаний, таких как 2701 южный этаж здания Хиросимы (Конференция No CGN-20230324005)",CGN-20230324005,Объявление конкурса на проект по переоборудованию конференц-зала 2701 в южном здании.,,
Шэньчжэнь,датчиков электрического тока для системы защиты двигателя Great Aulfstream 1 в рамках проекта,CGN-202303150014-N1,,,
"провинция Хайнань, муниципалитеты префектур (*), Винчан",100 МВт агрономического фотоэлектрического комплементарного проекта EPC,CGN-20221020004,,Новая энергетическая компания,
"Юньнань, муниципалитет Цюй, Цзюй",480 МВт ветряная электростанция (Западный B округ),CGN-202209280012-N1,Объявление конкурса на проведение работ (переторг),Чжоу Гуанчэн,
"Немонгольский автономный район, УНИТА, правый флаг Корнея","Строительство линии связи 220kV в рамках проекта &lt; &lt; Ветер &gt; &gt; , 2000 МВт в правой центральной части Секции по проекту &lt; &lt; Уменьшить нищету &gt; &gt; (пункт 1)",CGN-20230324006,,Чайна Хинэ,
город Уичжоу,Ремонтно-эксплуатационные работы на обычных островах АЭС &lt; &lt; Тайпинс &gt; &gt; и BOP,CGN-20221109004,,Чайна инжиниринг лтд,
"муниципалитет Валье, Ляонин","стандартные устройства для измерения температур (электроника, давления, температуры)",CGN-20230309005,,,
"провинция Цинхай, тибетский автономный район Хайси-Монголия, муниципалитет Деринха",500 МВт ветроэлектроэнергия,CGN-202303200010,,,
"Гуандун, Цзянмен, муниципалитет Тайшан","Проект 125 МВт Техническая реконструкция проекта по модернизации ветроэнергетики в Гуандун, Китай",CGN-20230620003,,Тайшань Ветер энергетик,
"Цзянмен, провинция Гуандун",Проект расширения трассы &lt; &lt; Тайшань &gt; &gt; до Юго-Западной кольцевой дороги,20230208002,Объявления о тендере на расширение маршрута ТЭЗ на юго-запад (Контингент: CGN-20230208002),,
провинция Шаньдун,"Электронные резервуары для дизельных двигателей LOT130Ae группы SK по проектам 1, 2",CGN-20221026005,,,
"провинция Цинхай, тибетский автономный округ Хайси-Монголия, округ Туран",Проектная фотоэлектрическая электростанция 12 МВт-Эмерсон (запрос No CGN-20220926002),CGN-20220926002,,,
"Автономный район Гуанси-Маньчжур, муниципалитет Чжунцзян, южный порт",основное оборудование (пункт 1: Оборудование в Гуанси),CGN-20230509003,,Сент-Энтерпрайз,
"Автономный район Гуанси-Маньчжур, муниципалитет Чжунцзян, южный порт",место (закупка предложений по проекту)),CGN-202305190018,,,
"Пекин, Тойота","1-я башня в рамках проекта по производству электрической энергии Сычуань , Вест-Худ , Гуандун-Пуэн ",CGN-202303200013,,Ветроэнергетическая компания,
"провинция Цинхай, тибетская автономная область Хайси-Монголия, Улан",модернизация 21 МВт-ретрансформатора для новой энергетической компании «Улан»,CGN-20220926001,,Чайна Улан лтд.,
"Гуанси-Шань, Стохэ, Пинъюн",новый энергоблок 2023 года,CGN-CGN,,,
Гуандун,специальное оборудование для пожаротушения,CGN-20230418002,,Чайна Хинон инжиниринг лтд.,
"Янцзы, провинция Гуандун",защитного экрана для защиты линии I проекта,CGN-20230407004,,,
Гуандун и др.,перевозка товаров между проектами,CGN-202304210001,,Чайна Инжиниринг лимитед,
"Шэньчжэнь, провинция Гуандун",Проект матрицы поддержки разработки программного обеспечения компании IQ,202303005,,,
провинция Шаньдун,проект проекта SK LOT150Aa для ветрогенератора системы HVAC на Ядерном острове,CGN-202306120004,,Чайна инжиниринг лтд.,
"проект BZ: Фуцзянь
Проект AD: Гуандун",атомный углеродистый сталь (номер тендера: CGN-202304120009),CGN-202304120009,,Чайна инжиниринг лтд.,
Гуандун,Проект LOT44E (обычный островный блок LOT44E для проекта LF),CGN-202303230006,,,
"провинция Джилин, Белый город, Гранд-Ан","Дорога, платформа, ветряная база и коробка",CGN-202301110001,,Белая энергетика,
,,,,,
"Немонгольский автономный район, УНИТА, правый флаг Корнея",трансформатор камеры УНИТА,CGN-202210310005,,Новых энергетик,
"префектура Аньхой, муниципалитет Тяньаньмэнь",башен для проекта по созданию новой энергетической башни в городе Лю Цзицзюнь (CGN),20230105001,,,
провинция Чжэцзян,лифт и монтаж лифта,CGN-202303160016,,,
Гуандун,Проект LOT12D (Воздушный комплекс CI-BOP и вспомогательные устройства),CGN-20221107005,,,
"город Тханьшань, Нинде, провинция Фуцзянь",комплексная системы подготовки кадров в здании JH в Нинде,202205120001-N1,2-й тендер на проект строительства интегрированной системы профессиональной подготовки в здании JH в Нинде,Фуцзиненд Ltd.,
Гуандун,атомная нержавеющая стальная труба малого калибра,CGN-20230407003,,Чайна Хинон инжиниринг лимитед,
"Пекин, Тойота",Системой управленческой информации по проекту Интеллектуальная энергетика Китая,CGN-20220909008,,Чайна энтропия,
Чжэцзян,финансирование проекта CS LOT120C (консерваторы),CGN-20230303002,,Чайна Инжиниринг лимитед,
"провинция Джилин, Белый город, Гранд-Ан",260 МВт ветряная установка,CGN-202304240014,,Energy White City Ltd.,
"округ Ваннань, провинция Чжэцзян",лифт и установка лифта,CGN-202303160016-N1,,Чайнаннан,
Гуандун,"Проект LOT45K Быстрая загрузка проекта LF (номер тендера: CGN-20230223003) одобрена, средства проекта получены",CGN-20230223003,,,
"Хэбэй, Чжан Сяо, округ Чжан",генеральный контракт EPC,CGN-20230608003,,"Хэбэй, Лебедь, Чайна, Чайна Сити, Ветряная станция",
"провинция Шаньси, Дамаск, округ","Генераторы проекта &lt; &lt; Сенсима &gt; &gt; , &lt; &lt; PC &gt; &gt; , &lt; &lt; Сенсима &gt; &gt; , &lt; &lt; Сен-сима &gt; &gt; , &lt; &lt; Сен-сима &gt; &gt; , &lt; &lt; , &gt; &gt; , &lt; &lt; Сен-сима &gt; &gt; , &lt; &lt; Сен-сима &gt; &gt; , &gt; , &gt; , &gt; утвержденный проект",CGN-202210120001,Объявление конкурса PC по трем ветроэнергетическим проектам,,
Гуанси,Проект BT LOT111B для фильтрации контейнеров для фильтров и перегрузки контейнеров с отходами (номер тендера: CGN-CGN) 20221108002),CGN-CGN) 20221108002),,,
Шэньчжэнь,кабелей для цифровой переработки,CGN-202207190012,,,
Гуандун,Оборудование связи на предприятии по проекту морской ветроэнергетики в порту Кюсю,CGN-202212130003,,Чайна Инжиниринг лимитед,
"Немонгольский автономный округ, город Ордос, Хан Цзинь",проект экологического восстановления,CGN-20221110002,Линфу плюс,Новая энергетическая компания Corp.,
провинция Шаньдун,атомная нержавеющая стальная труба малой калибровки,CGN-202303160014,Проект проекта SK LOT140Ca,Чайна инжиниринг лтд.,
"префектура Юньнань, чусуньский автономный округ, префектура Осаки",оборудование для выплаты компенсации за неустойчивость в 2022 году,CGN-20221208001,,Чусун,
Гуандун,Проект PY01 с комплектом проектного оборудования для освещения LOT82,CGN-202211110002,,,
Гуандун,Проект AD LOT110,CGN-20230213003,Конференция тендеров: CGN-20230213003,,
Гуандун; город Уичжоу; округ Уидон,инструментарий для технического обслуживания проекта (электрический инструмент измерения),CGN-202211010004,,Гуанчжоу энтерпрайз лимитед,
"Чунцин, Чунцин, Китай",Рамочное оборудование для проекта Ветряная башня в рамках проекта Чунцин,CGN-202302210002-N1,,,
Ляонин; Далянь; Вау,интеллектуальный крейсер,CGN-202303160013,Красная река,Ляонин,
провинция Шаньдун,фильтры и терминалы ECS фильтры,CGN-202306007,Проект SK LOT130Fa CFI фильтры и терминалы ECS фильтры (запрос No: CGN-202306007),Чайна инжиниринг лтд.,
"Синьцзян-Уйгурский автономный округ, Баян-Монгольский автономный округ, Жуан",основное оборудование для проекта «Синьцзян» (первый пункт: проект ветроэнергетики),CGN-20230704002,,Новая энергетическая компания,
"провинция Шаньси, муниципалитет Лу Лян, каменный округ",100 МВт агрономического фотоэлектрического комплекса,CGN-20220615001-N1,,Ветряная энергетика,
"провинция Гуйчжоу, муниципалитет Анхен, округ Хунглингбуйи",закупка 70 МВт ветряных башен,CGN-20230710002,,,
"атомная электростанция Нинде, муниципалитет Фукуяма, провинция Фуцзянь",проект модернизации строительного крышка в Нинде в 2023 году,CGN-202304250007,Объявление тендера на проект модернизации строительного крышка в Нинде в 2023 году (Контингент: CGN-202304250007),Чайна Хинэ,
Цзяннань,"Проект CS проекта 3, 4, LOT130Aa, первая партия сборных контейнеров для ядерного острова (по пункту 2 (группа 4): Контейнер (21 единица) (номер тендерной заявки: CGN-20230213005)",CGN-20230213005,,Чайна Инжиниринг лимитед,
Гуандун,Проект LOT101DD (перезагрузка),CGN-20220926006-N1,,Чайна Хинонжиниринг лимитед,
"Немонгольский автономный район, УНИТА, правый флаг Корнея","2000 МВт проектного пути, платформы, ветряные машины и коробки УНИТА",CGN-202209280010,"Дорога, платформа, ветряная машина и коробка",,
"Хэйлунцзян, муниципалитет Хэйэя, 5 крупных городов",220-километровой ветряной станции,CGN-20230506002,Объявление тендера на проект строительства 220-кислотной станции ветроэнергетического проекта 200 МВт,Чайна Хинэ,
"префектура Аньхой, муниципалитет Тяньаньмэнь",100 МВт ветряный проект PC,CGN-20230529003,,Хиросиэнэ,
"Пекин, Тойота",сбор фотоэлектрических компонентов,CGN-202307040011,,,
"провинция Цинхай, тибетский автономный район Хайси-Монголия, муниципалитет Деринха",Строительство фотоэлектрической зоны в рамках проекта &lt; &lt; Интегрированное отопление &gt; &gt; в Хиросиме,CGN-20221107001,,Новая энергетическая компания,
Порт-оф-Си,"Проект Порт-оф-Спейн , проект Мониторинг окружающей среды на суше , 2023 - 2027 годы",CGN-20221124001,,,
"провинция Цинхай, тибетский автономный район Хайси-Монголия, муниципалитет Деринха","500 МВт ветроэнергетического проекта 500 МВт в Китайском заливе, платформа для подвески, фундаментальная инженерия ветротехники",CGN-20230316009,,,
"провинция Хэйлунцзян, Цзиньцзян, округ Цинго",шкафы для высоковольтного переключателя,CGN-CGN,Объявление предложений,Гранд-Лэндз лимитед,
"Синьцзян-Уйгурский автономный округ, Та-Сити, округ Торри",Проект башня 75 000 кВт/ч с 300 000 кВт-часовой резервной мощностью в 300 000 кВт-часовой электрической установкой,CGN-20221020007-N1,,,
Гуандун,Схема предварительного строительства и монтажа ветряных машин в порту Гуаньчжоу,CGN-20221019007,,,
Гуандун,Устройство измерения температуры неядерного класса LOT101F для группы 5 и 6 проекта &lt; &lt; Земля &gt; &gt; ,CGN-202304120005,,Чайна Хинон инжиниринг лимитед,
Автономный район Гуанси-Шань,Устройство для очистки сфер LOT52Bc в блоке 1 и 2 проекта &lt; &lt; Порт-оф-Спейн &gt; &gt; ,CGN-202211180003,,Чайна инжиниринг лтд.,
Пекин,шкафы безопасности системы управления системой DCS и внутренней обработки приложений на АЭС,CGN-20230410008,,,
,,,,,
"Юньнань, автономный округ Чусун, округ",проект 90 МВт в Хинанан,CGN-20221205001,,Юньнань,
провинция Шаньдун,Проект CW Проект по обслуживанию вибрации вибраций,CGN-20230119006,,Чайна Хинон инжиниринг лтд.,
Порт-о-де-Гонконг,проектирование и планирование рамочного соглашения по проектированию и проектированию ядерно-энергетических комплексов в Порт-о-Пренсе,202305110004,Объявление тендера на строительство новой станции HLF,,
,,,,,
"провинция Хэйлунцзян, Цзиньцзян, округ Цинго",200 МВт новых источников энергии + первый проект по закупке электрической линии (пункт 2),CGN-202305160010,,Чайна Нью Энерджи Ко. Лтд.,
"провинция Юньнань, город Юйцзи, округ Яньцзян-хани",,CGN-20230706003,,,
"префектура Сычуань, муниципалитет Чжоучжоу, префектура Гуань",основное оборудование (пункт 2: Оборудование в районе Сычуань),CGN-20230426003,,Древний ветроэнергетик,
"префектура Юньнань, чусуньский автономный округ, префектура Осаки",100 МВт наземной ветровой электроэнергии,CGN-202302010001,Проект 100 МВт наземной ветровой электроэнергии 2-й этап проекта (запрос No CGN-20230201001)),,
провинция Шаньдун,Проект SK LOT150Ai (Йодный ингалятор системы HVAC),CGN-20230518005,,Чайна энжиниринг лимитед,
"провинция Юньнань, город Таити, Уаньин",коробка для замены коробки в проекте (CGN-20220927001),CGN-20220927001,,Юйцзи Суануэн,
"Янцзы, провинция Гуандун","Проект по совершенствованию противопожарной безопасности передвижных насосов, таких как Y2, Y3 и Y6 и APA",CGN-202212020004,,,
"Пекин, Тойота",шкафы для высоковольтного переключателя,CGN-202304060014,,Чайна Хинэ,
"провинция Цинхай, тибетский автономный район Хайси-Монголия, муниципалитет Деринха","500 МВт ветроэнергетического проекта 500 МВт в Китайском заливе, платформа для подвески, 2 торга на строительство ветроустановок",CGN-20230316008,Публикация,Чайна-Хеллоу,
Пекин,панели и операционной стойки для имитатора группы,,,,
"Синьцзян-Уйгурский автономный округ, Баян-Монгольский автономный округ, Жуан",оборудования GIS на открытом воздухе,CGN-202307040024,,,
провинция Шаньдун,дренажные трубы через железнодорожный проект,CGN-20230425001,CW проекта по удалению водопроводов через высокоскоростные железнодорожные работы,Чайна Хинон инжиниринг лтд.,
Гуандун; Фуцзянь,Устройство крупного калибра нержавеющей стали на атомном уровне,CGN-20230228002,Проект AD и проект BZ LOT140Cj,Чайна Хинонжиниринг лимитед,
"Шанхай, Шанхай, Зон Мин",30 МВт проект по производству фотоэлектрической энергии EPC (четвертый прием),CGN-20220720002-N3,,Белая энергетика,
Гуандун,LOT123E PMC системы и опоры,CGN-202210110003,,Чайна Хинси,
"Ханан, Южный Ян, муниципалитет Данчжоу",оборудование для ветряных генераторов мощностью 100 МВт (включая башни),CGN-202305100010,,Энергетическая компания Dun State Company.,
Цзянвин,Проект CS LOT140Pe,CGN-20221116007,,Чайна Хинси,
"Пекин, Тойота",матрица комплексной автоматизированной системы электроснабжения 2023 года,CGN-202304060019,,,
Гуандун,Оборудование системы мониторинга радиационной среды на АЭС &lt; &lt; Тайпин &gt; &gt; (запрос No CGN-202306020008),CGN-202306020008,,,
Гуандун,Экспериментальное техническое обслуживание и коммуникационное оборудование в рамках проекта &lt; &lt; Порт-2 &gt; &gt; в Гуанчжоу (первый этап),CGN-20230220010,,,
Пекин,Закупка незащищенных шкафов для маломасштабной проектной системы DCS на атомной электростанции (резюме 03 - система управления DCS на атомной электростанции),CGN-20230410007,,Чайна Нуклеар Системс Энджиниринг Лтд.,
"Синьцзян-Уйгурский автономный район и Тэгу, округ Лоуп",ретрансформатор проекта &lt; &lt; Лоуп 1 млн кВт &gt; &gt; на базе экологически чистой энергетики,CGN-202307050010,,,
Гуандун,услуги по геодезической съемке и оценке опасности геологических катастроф,CGN-20221221001,,Чайна институт ядерной энергии,
"Шэньчжэнь, провинция Гуандун",Проект матрицы поддержки разработки программного обеспечения компании IQ (показатель 01: Интеллектуальный бизнес)),CGN-20230303003,,Интеллектуальный бизнес,
"провинция Цинхай, Тибетский автономный район Хайси-Монголия, город Герму",кабель в районе Цинхай,CGN-202303140015,,,
"провинция Хэйлунцзян, Цзиньцзян, округ Цинго",200 МВт новых источников энергии + первый проект по закупке электрической линии (пункт 1),CGN-20230516008,Объявления о торгах,Чайна Нью Энерджи Ко. Лтд.,
"Шэньчжэнь, провинция Гуандун",оборудование для жилых помещений,CGN-202307050024,,Управление ядерной энергетикой в Большом заливе компании с ограниченной ответственностью,
"Пекин, Тойота",5-й пункт 5 второго контрольного набора новых энергетических ресурсов 2023 года,CGN-202305240006,Объявление тендера на 5-й участок 5-го секвенирования проекта 2023 года,,
"провинция Цинхай, тибетский автономный район Хайси-Монголия, муниципалитет Деринха",азотная кислота,CGN-202303010008-N2,,Диринг,
"Пекин, Тойота",матрица оборудования для хранения энергии,202307130004,,,
"провинция Хайнань, муниципалитеты префектур (*), Винчан",новый энергоблок,CGN-CGN,Концентрация закупок нового энергоблока в 2023 году в рамках проекта Hanang Wong Take (запрос No: CGN-CGN),Чинчан,
"префектура Сычуань, муниципалитет Гуаньюань, округ Шин",кабели,CGN-202305310004,,Ветроэнергетическая компания,
провинция Шаньдун,Проект SK LOT130Ra фильтрации для замены оборудования для перевалки,CGN-20230606006,,Чайна инжиниринг лтд.,
Гуанси,Проектный блок LOT160Ca ARE для клапанов охлаждения (запрос No: CGN-C),20221027002,,,
,,,,,
"провинция Ганьсу, город фонтан, Дюнъюнь",20 МВт проект строительства фотоэлектрической сети в Гуандуне,CGN-20230705006,,,
"Гуандун, Фуцзянь",Космические насосы и насосы с низкой инфляцией,CGN-20230508002,,Чайна Хинонжиниринг лимитед,
"Вэньчжоу, Чжэцзян",Сервис по мониторингу водной среды в рамках проекта CS,CGN-20230425005,Проект CS Сервис по мониторингу водной среды в рамках проекта CS (номер тендера: CGN-20230425005),Чайна Хинси,
Гуандун,новые ядерно-уровняющие трубы для проекта AN LOT140Cf,CGN-20230109001,,Чайна Хинси,
провинция Шаньдун,атомный бесшовный трубопровод с углеродной стали,CGN-20230314006,Проект проекта SK LOT140Cg атомного бесшовного трубопровода с углеродной стали,Чайна инжиниринг лтд.,
Гуандун,Наземный проект 5 и 6 LOT19B Система командования ядерными чрезвычайными ситуациями,CGN-202304270012-N1,,,
"провинция Цинхай, тибетский автономный район Хайси-Монголия, муниципалитет Деринха",500 МВт наземной ветровой электроэнергии на базе Голубого моря,CGN-202303200011,,,
"Синьцзян-Уйгурский автономный округ, Алтайский район, Гимуна",третье кабель (пункт 2: Синьцзянский районный кабель),CGN-20230425003,,,
"провинция Шаньси, муниципалитет Тюань, округ Чин Сюй","распределенного фотоэлектрического ПК на крыше 10,27 МВт (перезакупка)",CGN-20220920003-N1,,Сюй Сюй,
"Хубэй, Ухань, Циншань",распределенной фотоэлектрической оптики EPC,CGN-20221020003,,Хэбэй лимитед,
Гуандун,"Оборудование GIS и дизельные генераторы в морской ветровой электростанции &lt; &lt; Чжоу &gt; &gt; , порт 2PA",CGN-20220929003,,,
"префектура Гуйчжоу, автономный округ Минамбуйи, префектура Гуйтинг",третий пункт для контроля и оценки первого проекта 2023 года по новой энергетике Китая и Китая (номер тендера: CGN-),CGN-20230306005,,,
"провинция Гуйчжоу, 6 водохозяйственных городов, 6 специальных районов",70 МВт наземная ветровая электричка,CGN-20230223002,Проект по проектированию 70 МВт наземной ветровой электрички в шести областных районах Китая,Чайна Хинэ,
"Синьцзян-Уйгурский автономный округ, Та-Сити, Тауэр",оборудование для замены коробок,CGN-20221117004,,Новая энергетическая компания,
"Гуандун, Чжэцзян",аэродинамических блоков,CGN-20230629002,"Проект AD, CS LOT4 Закупка аэродинамических блоков (закупка тендера No CGN-20230629002) одобрена, проект финансируется",,
"провинция Джилин, Белый город, Гранд-Ан",проект по комплексному энергоснабжению на основе твердого течения Джилинда Анджесилу,CGN-202209130004-N1,Инспекции по проектированию (перезакупка) проекта по комплексному энергоснабжению на основе твердого течения Джилинда Анджесилу (проведение конкурса),Даань,
"Синьцзян-Уйгурский автономный округ, Алтайский район, Гимуна",оборудования для связи с джимомией в Синьцзяне,CGN-20221010003,,Синьцзян,
провинция Шаньдун,Устройство крупного калибра нержавеющей стали на атомном уровне (номер тендера: CGN-20230330001),CGN-20230330001,Проект SK LOT140Cj,Чайна Инжиниринг лимитед,
"Тибетский автономный район, район Али, округ Тир",Экспериментальный проект по фотоэлектрическому накоплению «нулевого углерода» на снежном плато Ali 150 МВт в Тибете (50 МВт фототермальной части),CGN-202301160008-N1,,Али,
"Синьцзян-Уйгурский автономный округ, Та-Сити, Тауэр",линии электропередачи,CGN-20230606003,,Чайна нью-Энтерпрайз,
"провинция Цинхай, тибетский автономный район Хайси-Монголия, муниципалитет Деринха",Интегрированная система хранения тепловой энергии,CGN-20221226003,,Дилингха лтд.,
Гуандун,Проект LOT83B для обычного острова и кабеля BOP для проекта LF,CGN-20221020005,,,
"провинция Гуйчжоу, город Куян, муниципалитет",оборудования для проектных ветряных турбин,CGN-20221220002,,,
"Синьцзян-Уйгурский автономный округ, Та-Сити, Тауэр",башня 300 МВт,CGN-202212010003,,Торри,
"Янцзы, провинция Гуандун",ремонт и ремонт помещений на берегу реки Янцзы,CGN-20230627007,Инструкция по ремонту и ремонту ячеек на берегу реки Янцзы (номер тендера: CGN-20230627007),Янцзян энтерпрайз лимитед,
"Шэньчжэнь, провинция Гуандун",кабелей для линейных и бесперебойных систем электропитания на Большом Аравийском заливе,CGN-20230504008,,,
,,,,,
"Вэньчжоу, Чжэцзян","Проект CS по противопожарной проектированию, строительству, приемке и оценке предложений",CGN-20230428002,,,
Гуандун,системная сеть промышленных данных атомных электростанций LOT104M (KDN),CGN-20221026001,,,
пункт,Инжиниринг коробки,87-5trans.txt,,,
"Синьцзян-Уйгурский автономный округ, Баян-Монгольский автономный округ, Жуан",35-кислотных линий электропередачи в случае 1 миллиона ветровых электростанций,CGN-202307130013,,,
"Автономный район Гуанси-Маньчжур, муниципалитет Чжунцзян, южный порт",место (закупка предложений по проекту),CGN-202305190017,,,
"Шэньчжэнь, провинция Гуандун",клапанов для экспериментального устройства проекта,CGN-20230209003,,,
"Хэйлунцзян, муниципалитет Хэйэя, 5 крупных городов",оборудование для замены коробок,CGN-202305310010,,5-я компания,
,,,,,
"Синьцзян-Уйгурский автономный округ, Алтайский район, Гимуна",Интегрированный центр управления энергетическими ресурсами,CGN-202210110004,,Ядерная энергия,
Чжэцзян,Платформа контроля за холодными источниками и передовая аппаратура мониторинга,CGN-202303130006,,,
Гуандун,датчики температурного уровня для ядерно-островной системы,CGN-20230320007,"Проект LF 5, блок 6 LOT101Ba",Чайна Хинэ,
"Аньхой, Сечжоу, Шоу",150 МВт проект EPC по генеральному подряду,CGN-202307130015,,Гуанчжоу энтерпрайз,
"Гордон, Фуцзянь",Проект CW проекта и проект BZ LOT130Aa (LOT130Am LOT130An),20230316001),,Чайна Хинон инжиниринг лтд.,
"город Далянь, Ляонин",проект по совершенствованию серверов приложений для атомных электростанций на реке,CGN-202212070002-N1,,,
"Хунань, провинция Хунань, муниципалитет Чжоучжоу, округ Сяньян",140 МВт электрическая база Гуаняо (второй номер),CGN-202307050013,,Энергопроект,
"Автономный район Гуанси-Маньчжур, муниципалитет Чжунцзян, южный порт",первая часть проекта &lt; &lt; Закупка &gt; &gt; ,CGN-202305190016,,,
"Гуанси-Шанг, муниципалитет Юйлин, индийский округ",новые энергоносители,CGN-20230628004,,ZTE,
Гуандун,морские работы,CGN-202211240006,,,
провинция Шаньдун,Проект проекта SK LOT40I Стальная панель и матрицы,CGN-20230329002,,,
"Ханан, Южный Ян, муниципалитет Данчжоу",Проект 100 МВт проект по проектированию наземного ветроэнергетического проекта,20230420008,,Энергетическая компания Dun State Company,
"Янцзы, провинция Гуандун",проектный испытательный генератор с высокой температурой сжатия,CGN-202303030010-N1,,Чайна энтерпрайз,
"Хунань, провинция Хунань, муниципалитет Чжоучжоу, округ Сяньян",6-й участок проекта по внедрению новой энергии в 2022 году,CGN-20221027004,Глава I. Объявление тендера на 6-й участок проекта по внедрению новой энергии в 2022 году (Контингент: CGN-20221027004),Чайна Хинэ,
"префектура Сычуань, муниципалитет Гуаньюань, округ Шин","Дороги, платформы для подвески, основы ветровой машины и т.д.",CGN-202304240015,Объявление предложений по первому пункту проекта,Чайна,
"Пекин, Тойота",матрица нового энергоблока 2023 года,CGN-20230627004,,,
"Пекин, Тойота",сбор ретрансформаторов для новых источников энергии,CGN-20230710006,,,
"провинция Джилин, Белый город, Гранд-Ан",260 МВт ветряная электростанция Джилинда Анджези,CGN-202304240012,,,
провинция Шаньдун,Проект SK LOT150Bb(DEL Холодный водоплавающий комплекс),CGN-20230307004,"(заявка на тендер No CGN-20230307004) одобрена, подпункт",,
"Шэньчжэнь, провинция Гуандун",Проект поддержки разработки программного обеспечения компании IQ (показатель 04 - Интеллектуальный бизнес)),CGN-2023030006,,Интеллектуальный бизнес,
Гонконгский автономный округ,расширение ресторана SA,CGN-202302130006,Объявление тендера на расширение ресторана SA в порту,Гуанси Порт оф-Си,
"Синьцзян-Уйгурский автономный округ, Баян-Монгольский автономный округ, Жуан","1 млн. кВт ветровых дорог, платформ, ветряной базы и коробки",CGN-20230706007,Проект 2,China New Energy Trucks Ltd.,
Гуандун,услуги по надзору за строительством новой научно-исследовательской базы в Китае,CGN-202211010003,,,
Гуандун,Проект LOT123C,CGN-202304130010,,,
,,,,,
"Чжэцзян, Шохен, Чжоу","120 000 кВт фотоэлектрической программы &lt; &lt; ЭПК &gt; &gt; , в рамках проекта &lt; &lt; Энергия &gt; &gt; ",CGN-20230423005,,,
провинция Шаньдун,охота на хищников типа SK LOT130Fb,CGN-20230328009,Объявление тендера на охоту на хищников типа SK LOT130Fb,Чайна Хинон инжиниринг лтд.,
"Пекин, Тойота",Закупка в рамках проекта AIS 2023 года (второй пункт),CGN-CGN,Конференция No: CGN-CGN,Самофинансируемое предприятие,
"провинция Ганьсу, муниципалитет Кананг, муниципалитет ",ретрансформаторы,CGN-20221220005,,,
"Юньнань, муниципалитет Цюй, Цзюй",480 МВт ветряная электростанция 220 кВ (Западный округ) и 35 кВ,CGN-20221128002,,Чайна Хинси,
река Ляонин,CRF-масляная системы мониторинга,CGN-202305170003-N1,,,
"провинция Юньнань, город Юйцзи, округ Яньцзян-хани",,,,,
"провинция Хэйлунцзян, Цзиньцзян, округ Цинго",200 МВт ветряная станция 220 кВ маркетинг,CGN-20230504004,,Киото,
"Гуандун, Чжунцин, Каннинг",комбинированная электропередача,CGN-202305240015,Объявление тендера на проект по закупке комбинированной электропередачи в Гуандуне,Новая энергетическая компания,
Гуандун,Японский ядерно-энергетический комплекс LOT73 с низковольтным кабелем,CGN-20230119007,,Чайна инжиниринг лтд.,
"Синьцзян-Уйгурский автономный район и Тэгу, округ Лоуп",1 млн. кВт оптико-вольтных полей ПК,CGN-202307050016,,China Solar Energy Successing Ltd.,
"Чжэцзян, Вэньчжоу, округ Мэнан",Проект по ремонту базы «Коп» по чистой энергии,CGN-202305190022,Объявления о торгах,,
"Тибетский автономный район, район Али, округ Планд",тепловые насосы для хранения тепловой энергии на снежном плато Ali 150 МВт (Тибетский хребет),CGN-20230207004,,,
"Автономный район Гуанси-Маньчжур, муниципалитет Чжунцзян, южный порт",ветрогенераторное оборудование,CGN-20221220004,,,
Гуанси-Шань; город Порт-оф-Си; порт,материалы для комбинированной модификации генераторного магнитного генератора (AVR),CGN-202301180008,,Хинси энтерпрайз,
"Цинго, округ Цинго, провинция Хэйлунцзян, Цзиньцзян",оборудование для преобразования коробок,CGN-202305310011,,Киото,
Гуандун,Проектные блоки LOT88Ea & LOT88Ea для борьбы с клапанами для борьбы с курением и сейф для управления системой вентиляции на АЭС (серия тендерных проектов),CGN-20230103001,,,
"Синьцзян-Уйгурский автономный округ, Баян-Монгольский автономный округ, Жуан",35-кислотных линий электропередачи в случае 1 миллиона ветровых электростанций,CGN-202307130012,,,
