location,product,tender_number,tender_company,tender_name
"Гуандун, Чжунцин, Каннинг",оборудование для замены коробок,CGN-202305310008,Новая энергетическая компания,
,,,,
"Синьцзян-Уйгурский автономный район и Тэгу, округ Лоуп",1 млн. кВт оптико-волнового поля PC,CGN-202307050014,China Solar Energy Successing Ltd.,
"Хубэй, Хуанган, округ Чун",Строительство гидроэнергетической станции,CGN-202301310002,Чайна нью-Энтерпрайз,
"Пекин, Тойота",Сбор фотоэлектрических компонентов (2 тендера),CGN-,Компания,
"Шэньчжэнь, провинция Гуандун",Техническое обслуживание по анализу рисков взрыва в рамках проекта &lt; &lt; Эксперимент по оценке рисков взрыва &gt; &gt; ( &lt; &lt; Эксперимент &gt; &gt; ),CGN-202304170003-N1,Операционная компания,
"Пекин, Тойота",2023 Первый пункт контрольного скопления в рамках второго проекта по новой энергетике 2023 года (No тендера: CGN-20230524002),CGN-20230524002,Энергетическая компания Dun State Company,
,,,,
Гуандун,Проект LOT45A Проекта LF &apos; LOT45A &apos; Region &apos; s CGN-20230128002,CGN-20230128002,,
"муниципалитет Сиань, провинция Чунси","Экспериментальный генеральный контракт на проект &lt; &lt; ЭПК &gt; &gt; в рамках проекта &lt; &lt; Сиэтл &gt; &gt; , магистральный проект &lt; &lt; Нанси &gt; &gt; (перезакупка)",CGN-20221019005-N1,Энергопроект,
провинция Шаньдун,клапаны системы,CGN-20230116003,Чайна Инжиниринг лимитед,
Гуандун,"Проект проекта AD LOT7B &quot; Групповая решетка &quot; , &quot; Стальные вороты &quot; и &quot; Хлоридные решетки &quot; , &quot; Твердые решетки &quot; и &quot; очистители &quot; (номер тендера: CGN-CGN)",CGN-CGN,,
Гуандун,,,Чайна инжиниринг лтд.,
"Пекин, Тойота",Закупка матрицы комплексной автоматизированной системы электроснабжения 2023 года в рамках проекта,CGN-202304060020,,
провинция Шаньдун,Проект SK LOT7A фильтры для барабанной фильтрации и фильтры для фильтрации на неядерном уровне CFI,CGN-20230329008,,
"Пекин, Тойота",,CGN-CGN,,
"город Инг, Чианг-дун",Закупка предварительного и научно-исследовательского обслуживания в рамках проекта электростанции Чхонан,CGN-202301310001,"Ltd. В рамках этого проекта уже имеются условия для проведения торгов, и в настоящее время проводятся открытые торги",
"Тибетский автономный район, район Али, округ Планд",,CGN-20230217001,Али,
,,,,
"Пекин, Тойота",Закупка матрицы комплексной автоматизированной системы электроснабжения 2023 года (пункт 1) проекта,CGN-202304060017,Ltd.,
"Янцзы, провинция Гуандун",Проект оптимизации процесса охлаждения ядерно-энергетических установок в Янцзыне и VVP,CGN-202212020007,Jiangian,
,,,,
"префектура Сычуань, муниципалитет Гуаньюань, округ Шин",проект по передаче электрической линии и проект топографической съемки (перезагрузка),CGN-202303230004-N1,Синьцзян,
провинция Шаньдун,,CGN-20221024002,Чайна Инжиниринг лимитед,
,,,,
Фуцзянь,Проект BZ Проект LOT134D Устройства охлаждающие насосы,CGN-20230110002,,
"провинция Джилин, Белый город, Гранд-Ан","Проект 2-1 (Ветряная электроэнергия 260 МВт) Дорога, платформа, ветряная база и коробка)",CGN-202301110002,Белая энергетика,
Гуандун,Проект AD проект LOT130J PTR фильтры водоемов и TSP-регулятор,CGN-20230419001,,
"Пекин, Тойота",Закупка матрицы нового энергоблока 2023 года в рамках проекта,CGN-20230627005,за ограниченное количество атомных ветров,
"Шэньчжэнь, провинция Гуандун",,CGN-20221215002,Чайна инжиниринг лтд.,Объявление конкурса генерального подряда на проектирование строительных работ в выставочном зале
провинция Шаньдун,,CGN-20230329003,Чайна Хинси,
,,,,
"провинция Юньнань, город Таити, Уаньин",кабельный кабель,CGN-20220927002,Юйцзи Суануэн,
Фуцзянь,Проектный блок проекта BZ LOT120Ca (консерваторы),CGN-20230310004,,
"префектура Юньнань, чусуньский автономный округ, префектура Осаки","Проект EPC-2 в рамках проекта &lt; &lt; Синдром &gt; &gt; (запрос No: CGN-202304140004, утвержденный на утверждение проекта, финансируемый из частных источников и реализованный, торгующий ИТ-специалистом &lt; &lt; Великая ветряная энергетика &gt; &gt; . В рамках этого проекта уже имеются условия для проведения торгов и в настоящее время проводятся открытые торги.",,,
"Пекин, Тойота",11-й пункт 2-го контрольного набора новых источников энергии 2023 года,CGN-202305240012,Дунаштедтская энергетическая компания,
префектура Гуйтинг,"50 МВт ветряная станция, проект по закупке электрической линии (запрос No: CGN-CGN)",202307110003,Ветряная энергетика,
Порт-о-де-Гонконг,,CGN-202210110007,Чайна Хинон инжиниринг лтд.,
"Шэньчжэнь, провинция Гуандун",Закупка генератора электрического тока в рамках проекта L (заявка на проект No CGN-20230529002),,China Institute of Nuclear,
"Вэньчжоу, Чжэцзян",Закупка проекта мониторинга трансформации проекта CS в рамках проекта (номер тендера: CGN-20221227001),CGN-20221227001,Чайна Хинси,
"провинция Хэйлунцзян, Цзиньцзян, округ Цинго",вторая совместная закупка наружного высоковольтного оборудования,CGN-20230529005,,
"Вэньчжоу, Чжэцзян",Услуги по мониторингу морской среды в рамках проекта CS,CGN-20230619001,Чайна Хинон инжиниринг лтд.,
"Гуандун, Чжэцзян",охлаждающие насосы для оборудования AD в Гуандуне,CGN-20230420005,Чайна Инжиниринг лтд.,
"Синьцзян-Уйгурский автономный округ, Баян-Монгольский автономный округ, Жуан",оборудование для проекта «Синьцзян» (фотоэлектрический проект),CGN-20230704004,,
"префектура Сычуань, муниципалитет Чжоучжоу, префектура Гуань","50 МВт ветряная дорожка, платформа, база ветряных двигателей и базовая инженерная работа по переработке коробок (запрос)",CGN-202304240020,Чайна тайфун,
,,,,
провинция Гуандун,,CGN-202307040028,Чайна Хинон инжиниринг лтд.,Объявление предложений по проекту закупки дизельных генераторов для экстренного использования в проекте HLF (номер тендера: CGN-202307040028)
"провинция Юньнань, город Юйцзи, округ Яньцзян-хани",220-километровый проект по выпуску новых энергетических кухонных плит (220 кВ - N58),CGN-202305001,Юйцзян энтеррейд,
,,,,
"Янцзы, провинция Гуандун",Закупка 2-го тендера на сканирование электронно-оптических микроскопов на объекте проекта (номер тендера: CGN-202303150009-N1),CGN-202303150009-N1,Чайна энтерпрайз,
Гуандун,Вторая партия тары для захоронений (No тендера: CGN-20230317004),CGN-20230317004,Чайна Инжиниринг лимитед,
"Хэбэй, Чжунцзяо, Цзиньцзян",Проект строительства новой станции HLF на озерах Хэбэй и Лебедь,CGN-20230608004,"Хэбэй, Чжоу",
,,,,
"провинция Ляонин, город Ханьян, округ Ханьян",20 МВт для комбинированного производства электроэнергии,CGN-202212020008,,
"префектура Гуйчжоу, автономный округ Минамбуйи, префектура Гуйтинг",Закупка оборудования для ветрогенераторов,CGN-20230106005,Quote Power Company,
Гуандун,,CGN-202303170003-N1,Хинонжиниринг лимитед,
"Пекин, Тойота",Закупка шкафов для высоковольтных переключателей с высоким давлением в 2023 году (пункт 2),CGN-202304060015,"Самофинансируемый и реализованный, а торгующее лицо ограничено атомным ветром компании.",
"провинция Цинхай, Тибетский автономный район Хайси-Монголия, город Герму",оборудование для компенсации за неустойку на озере Цинхайхен,CGN-202303140010,Чайна Хиросима,
,,,,
"провинция Чжэцзян, муниципалитет Каньшань, округ Чжуншань",Закупка оборудования для морской ветроэнергетики (переоборудование) (управление) в рамках проекта (заказ),CGN-202303210001,Ветроэнергетика,
Фуцзянь,Объявление тендера на проект по ремонту нетехнических производственных помещений за пределами UD на 2023-2024 годы,CGN-202301120002,Фуцзяньнина,
Шэньчжэнь,Проект по закупке материалов для предварительной замены трубы из углеродной стали,CGN-CGN,,
,,,,
,В рамках этого проекта Нижняя Монголия закупила вторую систему камер УНИТА (пункт 2: Запуск станции Ф и Г ),CGN-20230224003,,
"Юньнань, муниципалитет Цюй, Цзюй",,CGN-202212080005-N1,,
,,,,
"префектура Аньхой, муниципалитет Тяньаньмэнь",первый слияние кабелей (региональный кабель Аньхой),CGN-20230105007,,
"Гуандун, Чжэцзян и Фуцзянь","Проект AD, проект CS и проект BZ LOT41A (Оборудование для нагрева воды)",CGN-202306140007,,
,,,,
провинция Шаньдун,Проект 1-2 проекта SK LOT120Na (RPV Metal теплица),CGN-20230210001,,
Гуандун,Проект Интегрированная стадия предварительного строительства и установки ветряных установок,,,
Гуандун,Проектный резерв материалов LOT140Cp атомный бесшовный трубопровод с углеродной стали (перезакупка),CGN-CGN,,
Гуандун,Проект Наземный проект 5 блок 6 500 кВ ГИС (номер тендера: CGN-20230227001),CGN-20230227001,,
"Янцзы, провинция Гуандун",Закупка (перезагрузка) экспериментального оборудования для оси проекта,CGN-202301120004-N1,Чайна Хино,
"префектура Сычуань, муниципалитет Гуаньюань, округ Шин",Проект 220 кВ ветроэнергетической электростанции Хинси в рамках этого проекта (заявление No CGN-202306020007),,,
"Синьцзян-Уйгурский автономный район и Тэгу, округ Лоуп",Закупка 1 млн. кВт фотоэлектрических установок на базе экологически чистой энергетики в рамках проекта (2 тендера) (номер тендера: CGN-,CGN-20230705008,Мушук лимитед,
"префектура Сычуань, муниципалитет Чжоучжоу, префектура Гуань",Проект 50 МВт наземной ветровой электростанции &lt; &lt; Сычуань &gt; &gt; по проекту &lt; &lt; EPC &gt; &gt; (запрос No: CGN-CGN),CGN-202305160004,Древний ветроэнергетик,
"Чунцин, Чунцин, округ",оборудование для компенсации за неустойчивость в Чжунцине,CGN-20230314009,,
провинция Шаньдун,Проект CW &lt; &lt; Электрогенератор LOT40 &gt; &gt; (заявочный номер проекта: CGN-20230207005),CGN-20230207005,,
Гуандун,Услуги по мониторингу окружающей среды в рамках проекта &lt; &lt; Тайпин &gt; &gt; (2023-2025),CGN-20230310006,Чайна Хинонжиниринг лимитед,Объявление тендера на услуги по мониторингу окружающей среды в рамках проекта &lt; &lt; Тайпин &gt; &gt; (2023-2025)
Шаньдун,Проект SK LOT134C Насосы по водоснабжению на важнейших заводах (проект тендера No CGN-20230316002) принят и финансируется за счетом средств проекта,CGN-20230316002,,
Пекин,Закупка шкафов безопасности и внутренних приложений для системы DCS-контроля на атомной электростанции в рамках проекта (контейнер 01_ АЭС DCS-уровня безопасности и Внутренний пункт закупок приложения 1 (номер тендера: CGN-202304100011) утвержден и финансируется за счет собственных средств предприятия,,,
"префектура Сычуань, муниципалитет Гуаньюань, округ Шин","электрические дороги, подвесная платформа, фундаментальная инженерия ветряной машины",CGN-202304240016,,
Гуандун,Морская ветроэнергетика 2PB проекта 66kV подводный кабель и повязка (номер тендера: CGN-20230217003),CGN-20230217003,Чайна энжиниринг лимитед,
"префектура Аньхой, муниципалитет Тяньаньмэнь",первая совместная закупка оборудования для замены коробок (третий пункт: переменная емкости для эмблемы),CGN-202301050011,Гербовая компания,
"провинция Ганьсу, муниципалитет Кананг, муниципалитет",120 МВт фотоэлектрического комплекса Гуанцзяо в Гуанцзяо,CGN-202302020003,Новая энергетическая компания,
"Хубэй, Хуанган, округ Чун",Закупка (перезакупка) энергоблоков и их вспомогательного оборудования в рамках проекта &lt; &lt; Хэбэй &gt; &gt;,CGN-202303210006-N1,Инк. . В рамках этого проекта уже имеются условия для проведения торгов и в настоящее время проводятся открытые торги.,
,,,,
Гуандун; Янцзян,Закупка (перезакупка) оборудования для сборки компонентов проекта,CGN-202212020003-N1,,
Порт-оф-Спейне,Проект по ремонту на Ядерном острове в Порт-оф-Спейне,CGN-20221019003,Чайна Инжиниринг лимитед,
Гуандун,Проект LOT140Jb Austoms Architects для проекта LF (No тендера: CGN-20221220003),CGN-20221220003,,
"Аньхой, Сечжоу, Шоу",Закупка оборудования для ветроэнергетических установок ветроэнергетической фермы в районе Энго Сяо,CGN-20221220003,Хинго,
"провинция Цинхай, тибетский автономный район Хайси-Монголия, муниципалитет Деринха",Закупка второй системы камер для розливых озер в рамках проекта (запрос No CGN-20230420006) ,CGN-20230420006,Чайна-Хеллоу,
провинция Шаньдун,устройства системы хранения и распределения газа на заводе по проекту SK LOT8,CGN-20230518001,Чайна Хинэ,
Хироси,,CGN-20221027001,Синьцзян энтерпрайз,
префектура Гуйтинг,Первый сегмент проекта 2023 года по изучению новых источников энергии,CGN-20230306007,,
Гуандун,"Проект LOT45E «Обычные клапаны безопасности на острове», клапаны с низким и средним давлением, клапаны и клапаны отвода (номер тендера: CGN-20230310002)",CGN-20230310002,,
"Синьцзян-Уйгурский автономный округ, Алтайский район, Гимуна",Комплексный проект 35 кВ для строительства и установки коробок (раздел A),CGN-202208230001-N1,< Синьцзян >,
"Синьцзян-Уйгурский автономный округ, Та-Сити, округ Торри","75 MW300 MWh ветряная дорожка, платформа, ветряная машина и контейнер",CGN-202209220001-N1,Чайна Энергия,
"префектура Сычуань, муниципалитет Гуаньюань, округ Шин","Проект по закупке электрической линии в рамках проекта Сухопутная электрическая линия , 100 МВт",CGN-202306020005,Ветроэнергетическая компания,
"префектура Аньхой, муниципалитет Тяньаньмэнь",100 МВт ветроэнергетический проект PC (заказ No CGN-20230529004),CGN-20230529004,,
Цзяннань,"Проект CS проекта 3 и 4 LOT130Aa, первая партия сборных контейнеров для ядерного острова",CGN-202302130004,Чайна Инжиниринг лимитед,
"Синьцзян-Уйгурский автономный район и Тэгу, округ Лоуп",Закупка оборудования для компенсации за неработанное оборудование на базе Синьцзян в 2023 году (третий пункт: фотоэлектрический проект) (заказ No CGN-202307060014),CGN-202307060014,Мушук лимитед,
Порт-о-де-Гонконг,Проект комплексного планирования строительства вокруг здания BX (перезакупка),CGN-20230110010-N1,Hyundai Song Corporation,
"Пекин, Тойота",,20230614001,,
"Синьцзян-Уйгурский автономный округ, Баян-Монгольский автономный округ, Жуан","1 млн. кВт ветровых дорог, платформ, ветряной базы и коробки",CGN-20230706009,China New Energy Trucks Ltd.,
"префектура Аньхой, муниципалитет Тяньаньмэнь",Электроэнергетическая станция 143 МВт 286 Втт в районе Хиросима,CGN-202212130002,Ядерная энергетика,
"Шэньчжэнь, провинция Гуандун",Проект Информационно-информационно-инженерная инженерия в Центре по подготовке кадров в области ядерной инженерии Китая (номер тендера: CGN-20221028002),CGN-20221028002,Чайна энжиниринг лимитед,Объявление о тендере на проектирование информатики в Центре подготовки по ядерной инженерии
"Шэньчжэнь, провинция Гуандун",Проектная коммутаторная машина PMC для работы с интеллектуальными тренинговыми устройствами (номер тендера: CGN-20221229001),CGN-20221229001,Чайна Хиросима лтд.,
Гуандун,"Устройство для испытаний на водяном давлении на блоке LOT120Q SG проекта Gangladesh LF проекта 5, 6 (номер тендера: CGN-20230508001)",CGN-20230508001,,
"Автономный район Гуанси-Шань, муниципалитет Чинбэя",Проект по новым энергоресурсам - Гуансигилон и Лань Юнь,CGN-20230227007,Чинбэйз,Объявление тендеров на новые источники энергии в Китае в 2023 году
,,,,
"провинция Юньнань, город Юйцзи, округ Яньцзян-хани",Китайский и Китайский проекты по выпуску новых энергоносителей (N58-N109),CGN-20230505002,Янцзян Ветер энергетик лимитед,
"Гуанси-Шань, Стоун, округ",1200 МВт гидроэнергетики в Хисато,CGN 202302160005,Новая энергетическая компания,
,,,,
,,,,
,Ядерный центробежный насос 3-го уровня,CGN-20230320002,,
,Ядерный центробежный насос 3-го уровня,CGN-20230320002,,
Ляонин,Закупка оборудования для проведения анализа и предварительной обработки образцов на передней станции Красная речка,CGN-202303020004-N1,Atomic Energy Ltd.,
"провинция Джилин, Белый город, Гранд-Ан",,CGN-202305310006,Белая энергетика,
префектура Гуйтинг,"55 МВт ветроэнергетики в рамках проекта по строительству дорог, платформ, ветровой инфраструктуры и коробки (запрошено)",CGN-202306140012,Чжоу ветряная энергетика,
Гуандун,"Устройство для мониторинга концентраций водорода в защищенной оболочке корпуса LOT101T для проекта &lt; &lt; Земля &gt; &gt; , проект 5, проект &lt; &lt; Земля &gt; &gt; (номер тендера: CGN-20230407006",,Чайна Хинси,
Гуандун,Закупка услуг по детальному обследованию экспериментальных устройств,CGN-202305150004,,
"Автономный район Гуанси-Маньчжур, муниципалитет Чжунцзян, южный порт",Вторая совместная закупка наружного высоковольтного оборудования,CGN-20230529006,Южные Ветроэнергетики,
"Синьцзян-Уйгурский автономный район и Тэгу, округ Лоуп",Проект генерального подряда на PC в 1 млн кВт-диапазоне Лоупо на базе экологически чистых источников энергии в Синьцзяне (запрос предложений),CGN-202307050017,China Solar Energy Successing Ltd.,
"Вэньчжоу, Чжэцзян",Услуги по мониторингу водного хозяйства в рамках проекта CS,CGN-20230718002,Чайна Хинси,
Шаньдун,"Проект SK LOT4 (группа аэродинамических сил) одобрен, средства на проект получены",CGN-20230206001,Чайна Хинэ,
"Гуандун, Чжэцзян",Проект AD и проект CS LOT134Aa и водонапорные насосы для массовых захоронений (No торги: CGN-20230420004),CGN-20230420004,,
"Шэньчжэнь, провинция Гуандун",,CGN-20230315002,Чайна энтерпрайз,
"Синьцзян-Уйгурский автономный округ, Баян-Монгольский автономный округ, Жуан",Закупка оборудования GIS на открытом воздухе в рамках проекта «Синьцзян-2023» (первый пункт: проект ветроэнергетики),CGN-202307040025,,
префектура Уидон,оборудование для обработки сточных вод,CGN-202301170010,Чайна инжиниринг лимитед,
"провинция Юньнань, город Юйцзи, округ Яньцзян-хани",строительство фотоэлектрической зоны проекта 50 МВт и строительство электрического комплекса в зоне электрической связи,CGN-20220927006,Чжунцзян энтерэн,
"Синьцзян-Уйгурский автономный округ, Баян-Монгольский автономный округ, Каньон",34-я дивизия 100 МВт закупка первого сегмента фотоэлектрического проекта (закупка предложений по проекту),CGN-20230406003,Новая энергетическая компания,
Шаньдун,система контроля за водной средой в рамках проекта CW,CGN-20230410001,Сандонг Атом,Объявление о конкурсе на контроль за функционированием системы контроля за водной средой в рамках проекта CW
Автономный район Гуанси-Шань; город Порт-о-де-Морт; муниципальный округ,Проект BT LOT7A,CGN-202210240007,Чайна Инжиниринг лимитед,
Гуандун,"35kV SVG динамический пакет компенсации за неработанную работу, находящийся в центре контроля над морской ветровой электроэнергией в порту Хучжоу-2",CGN-202211220002,Ltd.,
"Синьцзян-Уйгурский автономный округ, Та-Сити, округ Торри",75 MW300 MWh для хранения энергии в башне проекта с 300 МВт ветряной установкой (пункт 1),CGN-202212120001,Новая энергетическая компания,
Шаньдун,,CGN-202304120006,Чайна Хинон инжиниринг лтд.,
"Пекин, Тойота",В рамках этого проекта в 2023-2024 годах будет производиться сбор фотоэлектрических компонентов (1 значок),CGN-202307040016,,
"префектура Аньхой, муниципалитет Тяньаньмэнь",Закупка оборудования для хранения энергии 286 МВт в рамках проекта (заказ No CGN-20230608002),CGN-20230608002,China New Energy Angeles Ltd.,
Гонконгский автономный округ,Перестройка производственных командных центров в Порт-о-Пренсе,CGN-202304110005,Гуанси Порт оф энтерпрайз,Объявление конкурса на перестройку центра управления производством в Порт-о-Пренсе
"Шэньчжэнь, провинция Гуандун",Закупка системы обнаружения без ущерба для проекта (закупка тендерного проекта: CGN-20221017003),CGN-20221017003,Чайна Хиросима инк.,
Хиросима,Морские ветровые электростанции,,,
материк Китая,"проект AN, BJ, LF проект LOT73Y кабель и перепроверка кабельного приложения (номер тендера: CGN-20221109001)",CGN-20221109001,Чайна Хинон инжиниринг лимитед,
Гуандун,Проект проекта AN LOT70A Портативная электростанция,CGN-202301180001-N1,,
"Пекин, Тойота",Закупка шкафов для высоковольтных переключателей в 2023 году (третий пункт),CGN-202304060016,Самофинансируемое предприятие,
Гуандун,Устройство крепления цементной линии LOT130Ia TES в рамках проекта LF (номер тендера: CGN-20221125004),CGN-20221125004,Чайна инжиниринг лтд.,
"Пекин, Тойота",,CGN-20230524005,Энергетическая компания Dun State Company,Объявление о торгах в рамках второго этапа проекта 2023 года по мониторингу и оценке новых источников энергии
провинция Шаньдун,,CGN-20230330008,Чайна Хинон инжиниринг лтд.,
"Хэйлунцзян, муниципалитет Хэйэя, 5 крупных городов",Проект по закупке 200 МВт ветроэнергетики в рамках проекта &lt; &lt; Хэйлунцзян 5 &gt; &gt; (показатель 1),CGN-202306060002,,
Гуандун,Централизованная закупка оборудования для лабораторного оборудования в рамках проекта &lt; &lt; ГЯО &gt; &gt;,CGN-20220926003,Гуанчжоу энтерпрайз лимитед,
"Пекин, Тойота",Закупка матрицы комплексной автоматизированной системы электроснабжения 2023 года (пункт 2),CGN-202304060018,,
"Ханнань, муниципалитет Запои, округ","100 МВт (200 МВт) для хранения энергии в районе Наньцзяна, Хиросима (заказ No CGN-MWh)",CGN-202304280003,,
"Тибетский автономный район, район Али, округ Планд",,CGN-20230207003,Али,
"провинция Гуйчжоу, 6 водохозяйственных городов, 6 специальных районов",70 МВт ветряной линии для проекта строительства электрического кабеля в шести специальных областях,CGN-202307060012,Six Water Co.,
Шаньдун,Проект SK LOT134D Устройства охлаждающие насосы,CGN-20221010005,Чайна Хинэ,
"Шэньчжэнь, провинция Гуандун",Закупка (перезагрузка) аналитического устройства для отслеживания процесса сварки в рамках проекта (номер тендера: CGN-20230515003-N1),CGN-20230515003-N1,Чайна атомная энергетика,
"Автономный район Гуанси-Шань, муниципалитет Чинбэя",Закупка основного оборудования для замены джилона в северном районе Хинсицина в рамках проекта (заказ No CGN-20230215002) утвержден,CGN-20230215002,China New Energy Company Ltd.,
Гуандун,Проект LOT45H (Обыкновенный островной герметизированный клапан) проекта LOT45H (номер тендера: CGN-20230320001),CGN-20230320001,Хинонжиниринг лимитед,
,,,,
"Синьцзян-Уйгурский автономный округ, Баян-Монгольский автономный округ, Жуан",Закупка генераторного оборудования для ветроэнергетических установок (включая баки) в Синьцзян-Уйгурском штате (пункт 2),CGN-20230703002,,
,,,,
"провинция Хубэй, муниципалитеты префектур (*), Тяньмен","80 МВт ветроэнергетического проекта, основы ветроэнергетики, 35кв электрической линии и установки коробки (перезагрузка)",CGN-20220929001-N1,China New Energy Lakes Ltd.,
"Нинсяский автономный округ, Синьчуань, город Линву",Проект 100 МВт оптико-волнового комплекса в рамках проекта Энтерпрайз,CGN-20220929005,,
,,,,
"провинция Цзянсу, муниципалитет Саутонг",Проект EPC по генеральному подряду Инвестерн 200 МВт,CGN-202211180004,Energy Ltd.,
провинция Шаньдун,"Проект SK LOT140Cc, основной паровой трубопровод (номер тендера: CGN-202306120001)",CGN-202306120001,,
Гуандун,,,Чайна Инжиниринг лимитед,Объявление тендера на участие в торгах компании &lt; &lt; Чайна Инжиниринг лимитед &gt; &gt; 
префектура Гуйтинг,,CGN-202303060006,Ветроэнергетическая компания,
"провинция Чжэцзян, муниципалитет Каньшань, округ Чжоу",120 МВт закупка второго сегмента 1-го проекта по закупке 1-го участка (заказ),CGN-20230406002,Новая энергетическая компания,
Фуцзянь,"Проект BZ проект LOT134Ab экстренный водонасосный насос (запрос No CGN-20230110003) утвержден, проект финансируется",,,
Фуцзянь,"Проект BZ проект LOT134Ab экстренный водонасосный насос (запрос No CGN-20230110003) утвержден, проект финансируется",,,
"провинция Джилин, Белый город, Гранд-Ан","Проект 2-1 (Ветряная электроэнергия 260 МВт) Дорога, платформа, ветряная база и коробка)",CGN-202301110003,Белая энергетика,
"провинция Джилин, Белый город, Гранд-Ан","Проект 2-1 (Ветряная электроэнергия 260 МВт) Дорога, платформа, ветряная база и коробка)",CGN-202301110003,Белая энергетика,
"Автономный район Гуанси-Маньчжур, муниципалитет Чжунцзян, южный порт","Проект 50 МВт Сухопутная ветряная электростанция в порту Гуанси-Си-Си-Си-Си-Си-Си-Си-Си-Си-Си-Си-Си передал проект по закупке маршрутов (запрос No: CGN-CGN) 202305240014), одобренный подразделением по утверждению проектов, финансируется за счет средств, полученных от предприятий, и уже реализовано, торгующее в Чжунцзяо Сент-Энтерпрайз",CGN-202305240014,,
"Пекин, Тойота",Десятый пункт 10 проекта 2023 года по изучению новых источников энергии,CGN-202305240011,Энергетическая компания Dun State Company,Объявление тендера на десятый пункт 10 проекта 2023 года по изучению новых источников энергии
Фуцзянь,Проект BZ и основной резервуар для дизельных двигателей LOT130Ae,CGN-202303020010,,
"Шэньчжэнь, провинция Гуандун",Проект Интеллектуальная технология распознавания видеонаблюдения применяется в области производства ядерной безопасности (номер тендера: CGN-),202212160002,,
"Синьцзян-Уйгурский автономный округ, Баян-Монгольский автономный округ, Жуан",Контроль за осуществлением второго сегмента проекта в области электроэнергии мощностью 1 млн кВт в Барской области на базе Синьцзян-Уйгурского Синьцзянского Синьцзянского Синьцзянского Синьцзянского Синьцзяна (сценарный проект),CGN-20230703005,Новая энергетическая компания,
провинция Гуандун,Эксплуатационно-техническое обслуживание жилых помещений,CGN-202301130002,"Ltd. В рамках этого проекта уже имеются условия для проведения торгов, и в настоящее время проводятся открытые торги.",
Пекин,Закупка шкафов небезопасного уровня для маломасштабной проектной системы DCS на атомной электростанции в рамках этого проекта (конец 02 - система управления DCS на АЭС),CGN-20230410006,China Nuclear Systems Engineering Ltd.,
"Синьцзян-Уйгурский автономный округ, Баян-Монгольский автономный округ, Жуан",Закупка 1 млн. ветровых электростанций в рамках проекта 35kV,CGN-202307130011,,
район Пекина,"услуги по закупке систем DCS для проекта Машино 5, проекта Наземный проект, проекта Закупка и проекта CGN-20230628001",,Atomic Systems Engineering Ltd.,
"Синьцзян-Уйгурский автономный район и Тэгу, округ Лоуп",Проект по созданию новой энергетической базы на 100 000 кВт и 1 000 000 кВт в округе Тэоп,CGN-202306210002,China Solar Successor,
"Янцзы, провинция Гуандун",Интегрированная закупка шкафов управления системой Янцзы 1-4RAM,CGN-202207110006-N2,,
,,,,
Гуандун,,CGN-20230428006,Чайна инжиниринг лтд.,
"Гуандун, Чжунцин, Каннинг",,CGN-20230706004,Новая энергетическая компания,
Гуандун,Закупка мобильного цементного оборудования для проекта (номер тендера: CGN-202212210004),CGN-202212210004,,
Чжэцзян,,CGN-202303150012,Чайна Инжиниринг лимитед,
Гуандун,,CGN-202304260004,Тайшань АЭС,Ремонтно-эксплуатационно-техническое обслуживание атомных электроснабжаемых жилых помещений в Тауне (заявление No CGN-20230426004)
"Немонгольская автономная область, Аллагонский союз, левый флаг",закупка ветроэлектронного оборудования для проекта Аллаго 15 МВт,CGN-20230106004,Ин Монгольская новая энергетика,
,,,,
"Шэньчжэнь, провинция Гуандун",,CGN-20230207006,Хигэн энтерпрайз,
"Немонгольская автономная область, Аллагонский союз, правый флаг",,,Аллаго,
"Хэйлунцзян, муниципалитет Хэйэя, 5 крупных городов",кабельное оборудование,CGN-CGN,Гранд-Лэндз лимитед,
"Синьцзян-Уйгурский автономный округ, Баян-Монгольский автономный округ, Жуан",оборудование для компенсации за неустойку на базе в Синьцзяне (пункт 2: Станция ветроэнергетического проекта 2#) ,CGN-202307060015,Таймэнь таймс лимитед,
"Шэньчжэнь, провинция Гуандун",Закупка трехлетнего рамочного свинцового сплава в рамках проекта (третий тендер) (номер тендера: CGN-202303240004-N2),CGN-202303240004-N2,China Institute of Nuclear,
,,,,
Гуандун,Проектный блок 5 и 6 LOT88E для клапанов по борьбе с курением и блок управления системой вентиляции на АЭС,CGN-202302160004,,
префектура Гуйтинг,2-й пункт для первого контрольного набора новых источников энергии в 2023 году,CGN-,,
"Юньнань, муниципалитет Цюй, Цзюй",Объявления о торгах (Контингент: CGN-202301110005),CGN 202301110005,Компания &lt; &lt; Хинан &gt; &gt;,
"Юньнань, муниципалитет Цюй, Цзюй",Объявления о торгах (Контингент: CGN-202301110005),CGN 202301110005,Компания &lt; &lt; Хинан &gt; &gt;,
"Янцзы, провинция Гуандун",Закупка оборудования для переоснащения топлива в рамках этого проекта (номер тендера: CGN-20230110005),CGN-20230110005,Чайна Янь,
"Янцзы, провинция Гуандун",Закупка оборудования для переоснащения топлива в рамках этого проекта (номер тендера: CGN-20230110005),CGN-20230110005,Чайна Янь,
"Автономный район Гуанси-Шань, муниципалитет Чинбэя","Проект Генерация в рамках проекта Гилонская фотоэлектрическая электростанция , Северный Чин",202304060001-N1,Новая энергетическая компания Чинбэй,
"Пекин, Тойота","Закупка 1-го башня в рамках проекта Hong Kong, Hong Kong, Hong Kong Hong Kong",CGN-202303200014,Чайна,
"Гуандун, город Уичжоу","Экспериментальное оборудование и услуги для эффективного использования фильтров и йод-ингаляторов в составе блока 1, 2 и йо-десорбента",CGN-202307110001,,
"провинция Хэйлунцзян, Цзиньцзян, округ Цинго",Проект по проектированию и проектированию (перезакупки) проекта по проектированию наземной ветровой энергии на 200 МВт,CGN-202303280005-N1,China New Energy Co. Ltd.,
,,,,
,,,,
,,,,
Гуандун,5-й и 6-й группы проекта LOT88B,CGN-20230316005,Чайна Хинонжиниринг лимитед,
"Синьцзян-Уйгурский автономный округ, Баян-Монгольский автономный округ, Жуан",Закупка генераторного оборудования (включая башни) для ветрогенераторной установки ветроэнергетической фермы &lt; &lt; Жуан &gt; &gt; в Синьцзяне,CGN-20230703001,,
Гуандун,Внутренний шкаф неядерного класса,CGN-202303160006,,
"провинция Цинхай, тибетский автономный район Хайси-Монголия, муниципалитет Деринха",Интегрированный проект по созданию новых источников энергии,CGN-20221226004,Дилингха лтд.,
Гуандун,,CGN-20230209001,,
"провинция Хэйлунцзян, Цзиньцзян, округ Цинго",вторая совместная закупка основного оборудования в районе реки Хэйлунцзян,CGN-20230509004,,
"Автономный район Гуанси-Маньчжур, муниципалитет Чжунцзян, южный порт",оборудование для компенсации за неустойку (пункт 2: Оборудование в районе Хинси),CGN-20230510007,Южные Ветроэнергетики,
Гуандун,Проект LOT3 в рамках проекта LF для приобретения оборудования для водородной станции (проект тендера: CGN-20221108001),CGN-20221108001,,
Гуандун,Проект LOT78B Оборудование системы связи проекта LF,CGN-20230320004,,
Гуандун,Проект LOT78B Оборудование системы связи проекта LF,CGN-20230320004,,
"Гуанси-Шанг, муниципалитет Юйлин, индийский округ",Проект 110 кВ ветровой электростанции Хокинг,CGN-20230320004,Чайна энтропия,
"Гуанси-Шанг, муниципалитет Юйлин, индийский округ",Проект 110 кВ ветровой электростанции Хокинг,CGN-20230320004,Чайна энтропия,
"провинция Юньнань, город Юйцзи, округ Яньцзян-хани",40 МВт фотоэлектрического поля проекта и строительного поля для сборочных линий электропередачи,CGN-20220927007,Чжунцзян энтерэн,
Гуандун,Закупка системы мониторинга радиационной среды на АЭС Тайпин,CGN-20221024005,,
"Гуандун, Янцзян, Яндон",Проект по обслуживанию атомного подводного плавания Янцзы на 2023-2026 гг.,CGN-20221024003,Jiangian,Объявление тендера на проект Японской службы по подводным операциям на 2023-2026 годы
"Янцзы, провинция Гуандун",Проект по ремонту жилых помещений в Яньцзян-Янцзяне,CGN-202306010003,Jiangian,
провинция Шаньдун; провинция Фуцзянь,"Проект CW LOT140Pi, проект BZ LOT140Pr Предварительная погребенная труба",CGN-20230220003,Чайна Хинэ,
Чжэцзян,,CGN-20230220003,Чайна инжиниринг лтд.,
"Автономный район Гуанси-Маньчжур, муниципалитет Чжунцзян, южный порт",Ветроэнергетика,CGN-202305190019,Южная ветряная электроэнергия,
"Синьцзян-Уйгурский автономный район и Тэгу, округ Лоуп",Закупка 1 млн. кВт фотоэлектрических компонентов проекта на базе экологически чистой энергетики в Синьцзяне (1 тендерный проект No CGN-202307040022),CGN-202307040022,Мушук лимитед,
"Чжэцзян, Кэррсинг, Хайян",30 МВт фотоэлектрического проекта EPC по производству электроэнергии на соляном терминале в Китае,CGN-20221010006,Чайна Хинси,Генеральный контракт на проект EPC по производству фотоэлектрической энергии мощностью 30 МВт в рамках проекта Гидроморфный терминал (запрос No: CGN-CGN)
Пекин,Проект по закупке услуг по оценке участия компании Энергоноэнергетика,CGN-202207250005-N2,,
"Шэньчжэнь, провинция Гуандун","Проект матрицы поддержки разработки программного обеспечения компании IQ (показатель 02 - Интеллектуальный синергетический бизнес) (номер тендера: CGN-202303030004, одобренный, финансируемый за счет собственных средств и реализованный, торгуемый за научно-информационную технологию",CGN-202303030004,компания с ограниченной ответственностью,
провинция Шаньдун,1000 кВ на проектном заводе CW,CGN-20221129004,Шэньчжэнь Чжэнь,
"Ханан, Цзиньян, префектура Инцзян",100 МВт наземной ветровой электростанции 110 КВ в рамках проекта (перезакупка),CGN-202208310005-N1,< Синьцзян лимитед >,
"Синьцзян-Уйгурский автономный район и Тэгу, округ Лоуп",Проект Контрольный пункт 2 на базе Синьцзян-Синьцзян-цзян и в рамках проекта Тэоп 1 млн. кВт (запрос предложений),CGN-20230703007,,
"провинция Цинхай, тибетский автономный район Хайси-Монголия, муниципалитет Деринха","500 МВт ветроэнергетического проекта 500 МВт в новом энергетическом озере Цинхайо в рамках проекта, платформа для подвески и три сегмента фундаментальной инженерии ветротехники (торги)",CGN-20230316007,Чайна-Хеллоу,
"провинция Джилин, Белый город, Гранд-Ан","Проект 2-1 (Ветряная электроэнергия 260 МВт) Дорога, платформа, ветряная база и коробка)",CGN-202301110004,Белая энергетика,
Фуцзянь,Проект BZ проект LOT134Ba Заполненный насос (номер тендера: CGN-20230110004),CGN-20230110004,Чайна Инжиниринг лимитед,
"Гуанси-Маньчжурский автономный округ, Хочжоу, Чжуншань","Проект по закупке новых энергоносителей в Гуанси-Синьцзян-Унь, проект по закупке твердых конструкций на дорогах на станциях Пение и гор, (пункт 2) (запрос предложений)",CGN-20230628005,Чайно-Ядерные часы,
"Гуанси-Шань, Стохэ, Пинъюн","100 МВт проект EPC по 100 МВт новой энергии в рамках проекта (запрос No: CGN-20230324001), утвержденный проект, финансируемый за счет собственных средств предприятия и реализованный",CGN-20230324001,Компания Cloud,
,,,,
"префектура Гуйчжоу, автономный округ Минамбуйи, муниципалитет","80 МВт, 50 МВт ветряной дороги, повесную платформу, инфраструктуру ветряных машин (прием)",CGN-202306140011,Центро Гуанчжоу,
Тяньцзинь,"ветроэнергетический проект Тяньцзинен 35 МВт, башня проекта Сухопутный ветер, нового источника энергии 40 МВт",CGN-202305310001,Тяньцзиньнинг лтд.,
Гуандун,"Проект Сухой проект 5, блок 6 LOT101La (сжиженный и жидкий переключатель неядерного класса)",CGN-202304230004-N1,,
"Пекин, Тойота",8-й сегмент 2023-го проекта по новым источникам энергии,CGN-20230524009,Дун Стэйт Компани,
"префектура Сычуань, муниципалитет Чжоучжоу, префектура Гуань","Проект строительства лифтовой станции 110 кВ, 35 кВ и установка коробок (проект конкурса)",CGN-20230518004,Хунчэн,
,,,,
Гуанси,Проект BT LOT150Bb DEL Холодный гидравл (переторг),CGN-202210120002-N1,Чайна Хинон инжиниринг лтд.,
Шаньдун,Проект SK LOT134Ab Водный насос в экстренном порядке,CGN-20221010004,Чайна Хинэ,
"провинция Цзянси, муниципалитет Чжоу, округ Ричуань",150 МВт сельскохозяйственного (лесного) фотоэлектрического проекта EPC,CGN-202307060013,Наньчан,
Гуандун,Проект LF LOT130Af ASP охлаждающий конденсатор и частичное переключение,CGN-20230428001,,
"провинция Джилин, Белый город, муниципалитет",первая совместная закупка оборудования для замены коробок (пункт 2: Килинский региональный ящик) (номер тендера: CGN-202301050010),CGN-202301050010,Ветро,
провинция Шаньдун,интегрированное устройство для охлаждения проб между пробами проекта SK LOT130N REN,CGN-202305110003,,
Чжэцзян,"Проект CS проекта 3, 4-й энергоблок LOT120F охлаждающий насос для реактора",CGN-20221019001,Чайна Инжиниринг лимитед,
"Синьцзян-Уйгурский автономный округ, Баян-Монгольский автономный округ, Жуан",основное оборудование для проекта «Синьцзян» (ветроэнергетика),CGN-20230704003,Новая энергетическая компания,
"Янцзы, провинция Гуандун",Проект строительства новой резервной линии водоснабжения для кольцевой сети Яньцзян с высоким атомным водоемом до 5/6,CGN-202303150013,,
"префектура Аньхой, муниципалитет Тяньаньмэнь","Закупка основного оборудования для крепления в городе Гуаняня в рамках проекта (закупка тендера No CGN-202301050012) была одобрена, проект",CGN-202301050012,Хинэ Энго Лтд.,
"Шэньчжэнь, провинция Гуандун",Проект в рамках базы данных RPV для мониторинга облучения и его исследования по ключевым вопросам (номер тендера: CGN-202210120005),CGN-202210120005,Чайна атомная энергетика,
провинция Шаньдун,Проект SK LOT134Gb Неядерный центробежный насос,CGN-202303310005,,
"Синьцзян-Уйгурский автономный округ, Баян-Монгольский автономный округ, Жуан",Трехъядерный сегмент проекта (номер тендера: CGN-20230706008),CGN-20230706008,China New Energy Trucks Ltd.,
"Синьцзян-Уйгурский автономный округ, Баян-Монгольский автономный округ, Жуан",Закупка компенсационного оборудования на базе Синьцзян в 2023 году (пункт 1: Станция 1 ветроэнергетического проекта),CGN-202307060016,Таймэнь таймс лимитед,
"префектура Сычуань, муниципалитет Гуаньюань, округ Шин","электрическая дорога, подвесная платформа, фундаментальная инженерия ветряной машины",CGN-202304240017,Чайна,
провинция Гуандун,Проект по оценке безопасности гор на Японской атомной электростанции (запрос No CGN-202304130007),CGN-202304130007,компания Jiangian,Объявление тендера на проект по оценке безопасности гор на Японской атомной электростанции (запрос No CGN-202304130007)
"Шэньчжэнь, провинция Гуандун","Закупка экспериментального оборудования для высокотемпературной свинцово-свинцовой среды в рамках проекта (номер тендера: CGN-202305100014) одобрена, проект",CGN-202305100014,Чайна Хинан,
"Гуандун, Янцзян",Проект Основы проектно-конструкторских работ на Японском атомном электростанционном заводе (номер тендера: CGN-202210240006),CGN-202210240006,Янцзян энтерпрайз лимитед,Объявление тендера на рамочный контракт на проектирование строительных работ на Японской электростанции
Гуандун,Ремонтно-ремонтные работы на АЭС &lt; &lt; Тайпин &gt; &gt;,CGN-20221109003,Чайна инжиниринг лтд.,Объявление тендеров на корректировочные работы на АЭС &lt; &lt; Тайпин &gt; &gt;
Гуандун,Большой резерв материалов LOT140Cm для нержавеющей стали малой калибровой трубы,CGN-20230529001,Чайна инжиниринг лтд.,
Шэньчжэнь,Закупка 2-го тендера на использование экспериментальных измерительных приборов для теплообработки проекта (номер тендера: CGN-202301120001-N1),CGN-202301120001-N1,China Institute of Nuclear,
"Чунцин, Чунцин, Чжэцзян",Закупка оборудования для ветрогенератора ветроэнергии ветряной электростанции в Чжэцзян-цзяне,CGN-20230109003,China and China New Energy Jong Kong Ltd.,
"Синьцзян-Уйгурский автономный округ, Та-Сити, округ Минь",,CGN-20230607004,China (Пекин) New Energy Technology Ltd.,Открытие торгов
"Хубэй, Хуанган, округ Чун",Закупка технических услуг измерительного центра проекта по гидроэнергетике,CGN-20230110001,,
Пекин,Закупка шкафов безопасности и внутренних приложений для системы DCS-контроля на АЭС-проекта,CGN-202304100012,Хинли инжиниринг,
"Юньнань, муниципалитет Цюй, Цзюй",проект экологизации и восстановления окружающей среды,CGN-20230630003,Энергия ветра,Объявление тендера на проект экологизации и восстановления окружающей среды в рамках проекта Hong Konga New Energy (запрос No CGN-CGN) 
,,,,
Чжэцзян,БОП (второй контрактный пакет),CGN-202301130001,,
,Проект по модернизации 3MX и 9PX (третий повторный тендер),202201280003-N3,Фуцзяньнинд,
"префектура Гуйчжоу, автономный округ Минамбуйи, муниципалитет","Новый энергетический штат в рамках этого проекта состоит из 50 МВт, 80 МВт на суше, 50 МВт на суше и 50 МВт",CGN-20230710001,,
"Автономный округ Нинсяя, Синьчуань, Пинхуа",Проект водородного автономного водорода мощностью 1 млн. кВт на основе водорода на основе водорода на основе водорода на основе водорода на основе водорода на основе водорода,CGN-202304240003,,
Центральный Японский башня,Запасы 75 000 кВт/300 000 кВт-часовой резерв в Центральном Японском башне,CGN-202212080011,,
"провинция Юньнань, город Таити, Уаньин",линия поставляет тендер на строительство,CGN-202209280013,Чайконин,
Гуанси-Шань,,CGN-20221103002,Чайна Инжиниринг лимитед,
провинция Цзянсу; муниципалитет Су; округ Гусу,Закупка высоковольтных ионосферных установок системы мониторинга радиационной среды на АЭС Тайпин,CGN-202306020009,Радиационный мониторинг,
"префектура Юньнань, чусуньский автономный округ, префектура Осаки",Проект по приобретению башни 2 в рамках проекта Энергоно-энергетика,CGN-20221220001,,
"префектура Юньнань, чусуньский автономный округ, префектура Осаки",Проект по приобретению башни 2 в рамках проекта Энергоно-энергетика,CGN-20221220001,,
Гуандун,,CGN-202304030004-N1,< Чайна Инжиниринг лимитед >,
"провинция Цинхай, тибетский автономный район Хайси-Монголия, муниципалитет Деринха","Проект 500 МВт ветроэлектроэнергия в районе озера Цинхайо (по пункту 1 тендера) (номер тендера: CGN-20230320008, утвержденный на утверждение проекта, финансируемый за счет собственных средств предприятия и реализованный, торгуемый на тендере на поставку в Китай &lt; &lt; Холодные озера &gt; &gt; . В рамках этого проекта уже имеются условия для проведения торгов и в настоящее время проводятся открытые торги.",,,
Хэйлунцзян,Пять новых источников энергии в провинции Хэйлунцзян и 200 МВт инженерные работы в области наземного ветроэнергетики,CGN-202303280006-N1,,
страна,Долгосрочное соглашение о сотрудничестве по теме предварительной оценки безопасности на рабочем месте (2023),CGN-20230406008,,
провинция Шаньдун,Проект SK LOT41A (Оборудование для нагрева воды) ,CGN-202304060012,,
"Шэньчжэнь, провинция Гуандун",Проект по разработке технологий интеллектуального регулирования поведения персонала на атомных электростанциях в рамках проекта (запрос No CGN-20230526003) уже реализован,,Чайна энтерпрайз,
,,,,
"провинция Гуйчжоу, муниципалитет Анхен, округ Хунглингбуйи","50 МВт ветряная дорога в Гуанцзяне, Новая энергетика в рамках проекта, платформа для подвески, фундаментальная инженерия ветряных машин (сценарный проект)",CGN-202306140013,Hong Kong Guangzhou Song Energy Ltd.,
"Хубэй, Хуанган, округ Чун",Проект по заказу на строительство электроэнергетической электростанции Ван Вэй,CGN-20230414002,,
"префектура Юньнань, чусуньский автономный округ, префектура Осаки","Проект строительства 110 кВ ветряной станции, 35 кВ и проект установки коробок",CGN 202212270002,,
"Хубэй, Хуанган, округ Чун",Объявление конкурса на проектирование (запросы предложений),CGN-20221215001,China New Energy Corp.,
"Автономный район Гуанси-Маньчжур, муниципалитет Чжунцзян, южный порт",110 кВ ветровой электростанции Саут-Мук в Порт-Кусигуйском порту,CGN-20221028001,Сент-Энтерпрайз,
"Хубэй, Хуанган, округ Чун","Проект Хубэй , торгуя гидроэнергетическим заводом и строительством на склоне завода (запрос No: CGN-202304190006), утвержденный проектом, финансируемый за счет собственных средств предприятия и реализованный, торгующий за счет новых технологий",CGN-202304190006,Инк. . В рамках этого проекта уже имеются условия для проведения торгов и в настоящее время проводятся открытые торги.,
"Чунцин, Чунцин, округ",Вторая совместная закупка кабелей (пункт 2: Региональный кабель в Чунцине) (номер тендера: CGN-202303140016),CGN-202303140016,Конг Лтд.,
Гуандун; город Уичжоу; округ Уидон,Проект по закупке электрического оборудования в АТЦПТ (третий тендер) (номер тендера: CGN-202204240004-N2),CGN-202204240004-N2,,
"Чжэцзян, Вэньчжоу",Услуги по фундаментальному тестированию (перезагрузка) в рамках проекта Чжэцзян,CGN-202301170011-N1,,
"Шэньчжэнь, провинция Гуандун",Закупка оборудования для системы высоковольтного технологического процесса в рамках проекта (номер тендера: CGN-202304270011),CGN-202304270011,China Institute of Nuclear,
Гуандун; город Уичжоу; округ Уидон,Проект по централизованному закупке оборудования для лабораторных приборов в рамках проекта (запрос No CGN-20220819001-N1),,,
Гуанси,Проект BT LOT130Ra фильтрации для замены оборудования для перевалки (номер тендера: CGN-20221107004),CGN-20221107004,Чайна инжиниринг лтд.,
"Чунцин, Чунцин, округ","50 МВт наземный ветровой турбины, коробки и автомобильной инфраструктуры (перезакупка)",CGN-20230309002-N1,< &lt; Чжунцин &gt; &gt;,
"провинция Цзянсу, муниципалитет Саутонг",первая совместная закупка оборудования связи,CGN-20230605002,Energy Ltd.,
,,,,
"провинция Джилин, Белый город, Гранд-Ан",2-1 (100 МВт фотоэлектрической тепловой связи) проекта EPC,CGN-20230605007,Дань,
"Юньнань, муниципалитет Цюй, Цзюй",480 МВт ветряная ферма (Западный А район),CGN-202209280011,Чайна Хинан,
"провинция Хэйлунцзян, Цзиньцзян, округ Цинго",кабельное оборудование,CGN-CGN,Гон Лтд.,
Гуандун,,CGN-202306070010,Чайна Хинси,
"Автономный район Гуанси-Маньчжур, муниципалитет Чжунцзян, южный порт","Закупка оборудования для башни 2-го башня в порту Гуанси, Хинси, Гуандун (заказ No CGN-2)",CGN-20230519002,Ветроэнергетическая компания,
"префектура Сычуань, муниципалитет Гуаньюань, округ Шин",Закупка 1-го подъемного терминала и строительного оборудования для монтажа электропроводов в рамках проекта по строительству 100 МВт наземной ветровой электростанции Сычуань,CGN-20230602004,Синьцзян,Объявление тендерного проекта по строительству 100 МВт наземной ветровой электростанции Сычуань
"Пекин, Тойота",В рамках этого проекта в 2023-2024 годах будет производиться сбор фотоэлектрических компонентов (6 тендерных заявок),,,
Гуандун,Закупка динамической системы многократной загрузки (третий тендер),CGN-202305230007-N2,,
"Хэйлунцзян, муниципалитет Хэйэя, 5 крупных городов","200 МВт ветряная дорожка, платформа, ветряная база и коробка",CGN-20230504006,,Объявление тендера
Гуандун,,CGN-20230213001,Чайна Инжиниринг лимитед,
,,,,
"Синьцзян-Уйгурский автономный округ, Та-Сити, округ Торри",75 MW300 MWh для хранения энергии в башне проекта с 300 МВт ветряной установкой (пункт 2),CGN 202212120002,Новая энергетическая компания,
"провинция Цинхай, тибетский автономный район Хайси-Монголия, муниципалитет Деринха","Проект &lt; &lt; Интегрированная фотоэлектрическая зона &gt; &gt; в рамках проекта &lt; &lt; Хиннед &gt; &gt; (пункт 2) &lt; &lt; Электронный контракт &gt; &gt; (номер тендера: CGN 20221107002, одобренный подразделением по утверждению проектов, финансируется за счет средств, полученных от предприятий и реализованных, а тендеры - за счет широкого диапазона ядерных технологий",CGN 20221107002,,
"провинция Цюси, муниципалитет Цяо, округ",330kV-компонента проекта Сянган и Инжиниринг,CGN-202302020004,Инжиниринг,
"префектура Аньхой, муниципалитет Тяньаньмэнь",Закупка оборудования для ветрогенераторных установок ветроэнергетической фермы,CGN-20221008003,Си-эн-Энго лимитед,
"Синьцзян-Уйгурский автономный округ, Баян-Монгольский автономный округ, Жуан",Проект уведомления и съемки (номер тендера: CGN-202306210003),CGN-202306210003,China New Energy Trucks Ltd.,
,,,,
"провинция Цинхай, тибетский автономный район Хайси-Монголия, муниципалитет Деринха",Интегрированная система хранения фотоэлектрической энергии,CGN-20221226005,Дилингха лтд.,
"Синьцзян-Уйгурский автономный округ, Баян-Монгольский автономный округ, Жуан",Закупка 1 млн. ветровых линий электропередачи в рамках проекта 35kV,CGN-202307130010,,
"Шэньчжэнь, провинция Гуандун",Проект по закупке и установке кухонного оборудования в башне AB в рамках проекта (запрос No CGN-20230228003),CGN-20230228003,Shanghai Green Food Management Ltd.,
"префектура Сычуань, муниципалитет Чжоучжоу, округ","Проект &lt; &lt; Интегрированная энергетическая программа &gt; &gt; , проект &lt; &lt; ЕПК &gt; &gt; , проект &lt; &lt; Интегрированная энергетика &gt; &gt; , проект &lt; &lt; Сычуань &gt; &gt; , проект по привлечению предложений",No. CGN-20230419003,,
Пекин,Закупка шкафов небезопасного уровня для маломасштабной системы управления DCS на атомной электростанции,CGN-20230410005,China Nuclear Systems Engineering Ltd.,
"Ханан, Нью-Йорк, Ензин",Проект топографической съемки новой 100 МВт наземной энергии в Яньцзине,CGN-20230509002,Дун Стэйт Компани,Объявление о торгах на проект топографической съемки новой 100 МВт наземной энергии в Яньцзине
провинция Шаньдун,Проект SK LOT50 Химическая система пробоотбора и пробоотбора,CGN-20230718005,,
"город Нинде, Фуцзянь",Проект по разработке и применению платформы управления пожарной безопасностью в области ядерной энергетики Ниндера (научные проекты),CGN-202305220007,компания,Объявление тендера на проект по разработке и применению платформы управления пожарной безопасностью в области ядерной энергетики Ниндера (научные проекты)
Шаньдун,Предоставление услуг по тестированию качества,CGN-202307110010,Саенто,Объявление тендера на предоставление услуг по тестированию качества
"Хубэй, Хуанган, округ Чун",Закупка аккумулированной электроэнергетической станции Тайбэй,CGN-202301110007,China New Energy Corp.,
,,,,
Хэйлунцзян,200 МВт для первого этапа проекта по закупке электрической линии в рамках проекта &lt; &lt; Хэйлунцзян 5 &gt; &gt; (показатель 2),CGN-202306060001,,
"Пекин, Тойота",,CGN-202210180004,Техники Ltd.,
,,,,
"Янцзы, провинция Гуандун",Закупка оборудования для автоматической кольцевой кольцевой трубки для защиты постоянного тока (второе тендерное предложение),CGN-202211170002-N1,компания,
Фуцзянь,Проект BZ LOT134Bb с низким давлением,CGN-20230207008,Чайна Инжиниринг лимитед,
"Янцзы, провинция Гуандун",Закупка матрицы для мобильных испытательных нагрузок в рамках проекта (номер тендера: CGN-202210110009),CGN-202210110009,,
"Синьцзян-Уйгурский автономный округ, Баян-Монгольский автономный округ, Каун","34-я дивизия Синьцзян-Уйгурского полка в рамках проекта &lt; &lt; Генерация ПК &gt; &gt; , 100 МВт",CGN-20220930004,Си-Эн-Энтерпрайз,
провинция Шаньдун,,CGN-20230619007,Чайна Инжиниринг лимитед,
Шаньдун,,CGN-20230220008,Чайна Хинон инжиниринг лтд.,
"Немонгольский автономный район, УНИТА, правый флаг Корнея","Проект предусматривает строительство дорог, платформ и ветряных электростанций в районе G с координатами 2 млн.",CGN-20221228001,,
"Пекин, Тойота",Вторую часть проекта 2023 года по мониторингу и оценке новых источников энергии,CGN-202305240008,Энергетическая компания Dun State Company,Объявление тендера на вторую часть проекта 2023 года по мониторингу и оценке новых источников энергии
Шаньдун,Строительство в морских районах проекта CW,CGN-20230411002,Sandong Atoms Co. Ltd.,
Гуандун,"Наземный проект 5 и проект 6, Измерение трафика и переключатели неядерного уровня",,,
провинция Шаньдун,Проект проекта SK LOT45M &lt; &lt; Регулирование дорожных клапанов &gt; &gt; (номер тендера: CGN-20230704001),CGN-20230704001,,
"Пекин, Тойота",Сбор фотоэлектрических компонентов (4 маркера),CGN-2024,,
,,,,
,,,,
Шэньчжэнь,Интеллектуальное техническое обслуживание и техническая поддержка,CGN-20221017002,"Гуандун энтерпрайз лтд., Лтд., Линг Австралия с ограниченной ядерной энергетикой",Объявление тендеров на проект по техническому обслуживанию и технической поддержке на базе атомных электростанций в Большом заливе
"провинция Джилин, муниципалитет 4 Пин, префектура Сяо","30,4 МВт ветроэнергетического проекта &quot; EPC &quot; в рамках проекта &lt; &lt; Реабилитация сельских районов &gt; &gt; (заявочный проект No CGN-CGN)",CGN-20230320003,,
,,,,
,,,,
"провинция Гуандун, муниципалитет Чхун, &lt; &lt; Суан &gt; &gt;",Проект строительства новой станции HLF (номер тендера: CGN-20230324006),CGN-20230324006,,
,,,,
,,,,
Гуандун,Проект LF LOT150Ba DER Холодный гидравлический блок,CGN-20221010001,,
,,,,
,,,,
"Цзянси, муниципалитет Джиан, округ Гива","Комплементарный проект PC &lt; &lt; Комплементарный проект &gt; &gt; , 70 МВт в Чжэцзян-цзяне, префектура Чжэцзян",CGN-202307050020,,
"Синьцзян-Уйгурский автономный округ, Баян-Монгольский автономный округ, Жуан",Контроль за осуществлением проекта в области ветроэнергетики мощностью 1 млн. кВт в Барской области на базе Синьцзян-Синьцзян (сценарный проект),CGN-20230703004,Новая энергетическая компания,
провинция Шаньдун,Проект CW Проект строительства 220 кВт и проект топографической съемки первого маршрута для вспомогательных источников энергии (номер тендера: CGN-20230620001),CGN-20230620001,,
,,,,
,,,,
"Автономный район Гуанси-Маньчжур, муниципалитет Чжунцзян, южный порт",оборудование для преобразования коробок (второй пункт: Гуанси-Хиллз),,Ветроэнергетическая компания,
"Хунань, провинция Хунань, муниципалитет Чжоучжоу, округ Сяньян",2-й пункт 6-го серийного контрольного пакета по новым энергоресурсам 2022 года в рамках проекта (номер тендера: CGN-20221027005),CGN-20221027005,,
провинция Шаньдун,,CGN-20230625005,< Хинонжиниринг лимитед >,
"Хубэй, Ичан, Цзян",распределенная фотоэлектрическая установка по очистке сточных вод в реке Хисаси,CGN 20230509005,Интегрированная энергетическая служба,
Гуандун,Проект LOT190K (Ядерный архипелаг),CGN-20230317002,,
"Синьцзян-Уйгурский автономный округ, Баян-Монгольский автономный округ, Жуан","1 млн. кВт ветровых дорог, платформ, ветряной базы и коробки",CGN-202307060006,China New Energy Trucks Ltd.,
Гуандун,"Устройство для мониторинга гамма-спектрометрии в бочках отходов LOT130Ud в рамках проекта &lt; &lt; Земля &gt; &gt; , 5, 6",CGN-20230208003,Чайна Инжиниринг лимитед,
,,,,
провинция Цзянсу; муниципалитет Су; муниципалитет города,Закупка (перезагрузка) экспериментального оборудования для замены проекта (закупка тендера) (номер тендера: CGN-20221207003-N2),CGN-20221207003-N2,Сучжоу энтузиатр индастриз,
"Немонгольский автономный район, УНИТА, правый флаг Корнея",,CGN-202304110006,Коул,
,,,,
"Фуцзянь, муниципалитет Сэнди, округ Энрики","Закупка модернизированных двигателей для новой энергетической компании &lt; &lt; Энергос &gt; &gt; , &lt; &lt; Энси Лун &gt; &gt; , &lt; &lt; Саут Энфэн &gt; &gt; (перезакупка)",CGN-202210110006-N1,Энси,
Чхун,,CGN-20230420002,Чайна Инжиниринг лимитед,
Гуандун,,CGN-202211240003,Хинонжиниринг лимитед,
Порт-оф-Си,Проект по ремонту обычных островов и BOP на 2023-2026 годы,CGN-20221019002,,
"провинция Джилин, Белый город, Гранд-Ан","Проект 2-1 (130 МВт) &lt; &lt; Электронный контракт &gt; &gt; на общую сумму 1,4 млн. кВт на базе &lt; &lt; Джиси &gt; &gt;",CGN-202303140013,Белая энергетика,
"Гуандун, Шэньчжэнь",Закупка интеграционной системы контроля за проектной интеграцией,CGN-202305180006,,
Шаньдун,Проект SK LOT150Ac(Ah) &lt; &lt; Ветряные клапаны &gt; &gt; системы &lt; &lt; ХАВК &gt; &gt; на Ядерном острове,CGN-20230329006,,
Шаньдун,Проект SK LOT150Ac(Ah) &lt; &lt; Ветряные клапаны системы HAVC &gt; &gt; на Ядерном острове (LOT150Ah),CGN-20230329007,Чайна Инжиниринг лимитед,
,,,,
"провинция Гуйчжоу, муниципалитет Анхен, округ Хунглингбуйи","50 МВт проект по проектированию наземного ветроэнергетического проекта в Гуанцзяне, Китай (запрос No: CGN-проект)",CGN-20230223001,Guangzing New Energy Ltd.,
"Пекин, Тойота",Сбор матрицы ретрансформаторов (северный 2 тендер),CGN-,,
"Вэньчжоу, Чжэцзян",Проект Морская тревога в рамках проекта Чжэцзян,CGN-202301170001,Чайна Хинси,
Гуандун,Подводный кабель и повязка для проекта по морской ветровой электроэнергии 2PA в порту Кюсю,CGN-202212080012,Чайна ядерной инженер,
"Пекин, Тойота",2-й пункт 2 контрольного набора новых источников энергии 2023 года,CGN-20230524003,Энергетическая компания Dun State Company,
,Закупка тендера на строительство строительного оборудования для проекта I,,,
"Гуандун, Чжунцин, Каннинг",Тендерный проект Гуандуна,CGN-202305310002,Новая энергетическая компания,
Шаньдун,,CGN-20230208001,Чайна Инжиниринг лимитед,
Фуцзянь,Проект BZ LOT150Bb (DEL Horizon) (заявка на тендер No CGN-20230227003),CGN-20230227003,Чайна Хинси,
"Синьцзян-Уйгурский автономный район и Тэгу, округ Лоуп",основное оборудование для проекта «Синьцзян» (четвертый пункт: фотоэлектрический проект),CGN-20230704005,,
провинция Шаньдун,,CGN-20230427008,Чайна Инжиниринг лимитед,
"Пекин, Тойота","Третий пункт контрольного пакета 2023 г. по проекту &lt; &lt; Новая энергетика &gt; &gt; , Китай",CGN-202305240004,Дун Стэйт Компани,
"Немонгольский автономный район, УНИТА, правый флаг Корнея","Проект Интенсивный проект , В , В , Устройство на стене , В , Трансфер , Инвестирование (переторг > )",CGN-202209190009-N1,,
Пекин,Закупка шкафов безопасности системы управления системы &lt; &lt; DCS &gt; &gt; и внутренней обработки приложений (пункт 2),CGN-20230410009,,
,,,,
Гуандун,,CGN-20221116002,Хинонжиниринг лимитед,
"Синьцзян-Уйгурский автономный округ, Та-Сити, Тауэр",75 МВт / 300 МВт в рамках проекта по закупке башни 300 МВт,CGN-202212010004,Торри,
"провинция Джилин, Белый город, Гранд-Ан",260 МВт ветряная установка 260 МВт в рамках проекта (запрос No: CGN-202304240013),CGN-202304240013,Energy White City Ltd.,
"Гуандун, Уичжоу, Уидон",Услуги по мониторингу окружающей среды при строительстве наземного оборудования в Тэпине (2023 - 2028 годы),CGN-202210260004-N1,,
провинция Шаньдун,охлаждающий насос для реактора,CGN-20230215001,Чайна Инжиниринг лимитед,
"Автономный район Гуанси-Маньчжур, муниципалитет Чжунцзян, южный порт",50 МВт наземной ветровой станции и строительного проекта по монтажу линий электропередачи,CGN-20230518003,< Саут Ветер энергетик >,
"провинция Цинхай, тибетский автономный район Хайси-Монголия, муниципалитет Деринха",Закупка оборудования для фотоаппаратов в рамках проекта (запрос No CGN-202303140004) утвержден,CGN-202303140004,Чайна-Хеллоу,
Гуандун,Проект LF LOT120P (компонент реакторного реактора),CGN-20230417001,,
"Юньнань, муниципалитет Цюй, Цзюй",Оборудование для компенсации за неустойчивость,CGN-20221208002,Китайская энергетика,
"Синьцзян-Уйгурский автономный округ, Баян-Монгольский автономный округ, Жуан",Закупка 220 кВ ветряной станции и отправка ПК на маршрут,CGN-20230717009,Таймэнь таймс лимитед,
"Нинде, провинция Фуцзянь","Проект P320+V2+ Платформа GREGSE: общая модификация системы, вентилятор на крыше MX GB Реконструкция воротнички и комплексное обучение здания JH",CGN-202210210002,,
Гуандун,"Проект LF 5, блок 6 LOT140Za (неRCC-M NI и сборные материалы)",CGN-M,Чайна инжиниринг лтд.,
"провинция Анго, город с удобрениями, муниципалитет",Производственные комплекты для ремонта жилых помещений,CGN-202307050012,Хинго,
Восточный центр,Строительство в Центре Светлый Восток,CGN-202212010001,Хиросиэн энтерпрайз,
,,,,
Гуандун,Учебный комплекс для имитаторов LOT25B проекта 5 и 6 проекта &lt; &lt; Земля &gt; &gt;,CGN-202304130011,,
"Шэньчжэнь, провинция Гуандун","Проект по переоборудованию зала заседаний, таких как 2701 южный этаж здания Хиросимы (Конференция No CGN-20230324005)",CGN-20230324005,ответственная компания,Объявление конкурса на проект по переоборудованию конференц-зала 2701 в южном здании. (Конференция No CGN-20230324005)
Шэньчжэнь,2-е тендерное предложение по модификации датчиков электрического тока для системы защиты двигателя Great Aulfstream 1 в рамках проекта (номер тендера: CGN-202303150014-N1),CGN-202303150014-N1,,
,Новая энергетическая компания,,,
"Юньнань, муниципалитет Цюй, Цзюй",480 МВт ветряная электростанция (Западный B округ),CGN-202209280012-N1,Чжоу Гуанчэн,
"Немонгольский автономный район, УНИТА, правый флаг Корнея","Проект Строительство линии связи 220kV в рамках проекта Уменьшить нищету , 2000 МВт",CGN-202208170001-N1,,
город Уичжоу,корректировочные работы по ремонту обычных островов и BOP,CGN-20221109004,,
"муниципалитет Валье, Ляонин",Закупка стандартных устройств для измерения температур в лаборатории второго этапа проекта,CGN-20230309005,Ривер электрик лимитед,
"провинция Цинхай, тибетский автономный район Хайси-Монголия, муниципалитет Деринха","Проект 500 МВт ветроэлектроэнергия в районе озера Цинхайо (по пункту 3) (запрос No: CGN-202303200010), утвержденный проект, финансируемый из частных источников и реализованный, торгуемый в рамках проекта &lt; &lt; Холодные озера &gt; &gt; . В рамках этого проекта уже имеются условия для проведения торгов и в настоящее время проводятся открытые торги.",,,
"Гуандун, Цзянмен, муниципалитет Тайшан","Проект 125 МВт Техническая реконструкция проекта по модернизации ветроэнергетики в Гуандун, Китай",CGN-20230620003,Тайшань Ветер энергетик,
"Цзянмен, провинция Гуандун",Проект расширения трассы Тайшань до Юго-Западной кольцевой дороги,20230208002,Ядерный комбинат,
провинция Шаньдун,"электронные резервуары для дизельных двигателей LOT130Ae группы SK по проектам 1, 2",CGN-20221026005,,
"провинция Цинхай, тибетский автономный округ Хайси-Монголия, округ Туран",Проектная фотоэлектрическая электростанция 12 МВт-Эмерсон (запрос No CGN-20220926002),,,Объявление тендера на разработку солнечных батареей в Китае (Большой Сочи) ограничены
"Автономный район Гуанси-Маньчжур, муниципалитет Чжунцзян, южный порт",В рамках этого проекта в 2023 году была произведена вторая совместная закупка основного оборудования (пункт 1: Оборудование в Гуанси) (номер тендера: CGN-20230509003),CGN-20230509003,<Сент-Энтерпрайз>,
"Автономный район Гуанси-Маньчжур, муниципалитет Чжунцзян, южный порт",Ветроэнергетика,CGN-202305190018,Южная ветряная электроэнергия,
"Пекин, Тойота","Закупка 1-й башни в рамках проекта по производству электрической энергии Сычуань , Вест-Худ , Гуандун-Пуэн ",CGN-202303200013,Ветроэнергетическая компания,
"провинция Цинхай, тибетская автономная область Хайси-Монголия, Улан",модернизация 21 МВт-ретрансформатора для новой энергетической компании «Улан» в рамках проекта (запрос No: CGN-20220926001),CGN-20220926001,Чайна Улан лтд.,
"Гуанси-Шань, Стохэ, Пинъюн",,,,
,,,,
"Янцзы, провинция Гуандун",Закупка защитного экрана для защиты линии I проекта,CGN-20230407004,,
Гуандун и др.,перевозка товаров между проектами,CGN-202304210001,Чайна Инжиниринг лимитед,
,,,,
,,,,
"Фуцзянь, Гуандун",Проект BZ и проект AD LOT140Ch атомный углеродистый сталь (номер тендера: CGN-202304120009),CGN-202304120009,Чайна инжиниринг лтд.,
Гуандун,Проект LOT44E (обычный островный блок LOT44E для проекта LF),CGN-202303230006,Широкий спектр ядерных технологий,
,,,,
"Пекин, Тойота",Девятый пункт 2 проекта по мониторингу и оценке новых источников энергии в 2023 году,CGN-202305240010,Энергетическая компания Dun State Company,
"Немонгольский автономный район, УНИТА, правый флаг Корнея",трансформатор камеры УНИТА,CGN-202210310005,"Новые энергетики, Коул",
"префектура Аньхой, муниципалитет Тяньаньмэнь",Закупка башен для проекта по созданию новой энергетической башни в городе Лю Цзицзюнь (CGN),20230105001,Гербовая компания,
провинция Чжэцзян,Закупка лифта и монтажа лифта в рамках проекта Jiangang BJ,Конференция No CGN-202303160016,Гуанчжоу энтерпрайз,
Гуандун,Проект LOT12D (Воздушный комплекс CI-BOP и вспомогательные устройства),CGN-20221107005,,
"город Тханьшань, Нинде, провинция Фуцзянь",2-й тендер на проект строительства интегрированной системы профессиональной подготовки в здании JH в Нинде,202205120001-N1,"Самофинансирующееся предприятие, торгующее на участие в торгах на атомную электростанцию Fujinned Ltd.",2-й тендер на проект строительства комплексной системы подготовки кадров в здании JH в Нинде
Гуандун,Проект проекта AD LOT140Ca атомная нержавеющая стальная труба малого калибра (номер тендера: CGN-20230407003),CGN-20230407003,Чайна Хинон инжиниринг лимитед,
"Пекин, Тойота",Закупка Системой управленческой информации по проекту &quot; Интеллектуальная энергетика Китая &quot; ,CGN-20220909008,Чайна энтропия,
Чжэцзян,,CGN-20230303002,Чайна Инжиниринг лимитед,
"провинция Джилин, Белый город, Гранд-Ан","260 МВт ветряная установка ветроустановки в Джилинде, Новая энергетика в рамках проекта (номер тендера: CGN-202304240014)",CGN-202304240014,Energy White City Ltd.,
"округ Ваннань, провинция Чжэцзян",Закупка (перезакупка) лифта и установки лифта для проекта Jiangang BJ по проекту (закупка тендера) (номер тендера: CGN-202303160016-N1),CGN-202303160016-N1,Чайнаннан,
Гуандун,Проект LOT45K Быстрая загрузка проекта LF (номер тендера: CGN-20230223003),CGN-20230223003,,
"Хэбэй, Чжан Сяо, округ Чжан","Ветряная станция Чайна Дружба Севера , Чайна , Чаддкрат , Чакрат",No CGN-20230608003,< &lt; Хэнчэн &gt; &gt;,
"провинция Шаньси, Дамаск, округ",Объявление конкурса PC по трем ветроэнергетическим проектам,,,
Гуанси,Проект BT LOT111B для фильтрации контейнеров для фильтров и перегрузки контейнеров с отходами (номер тендера: CGN-CGN),20221108002,Чайна инжиниринг лимитед,
Шэньчжэнь,Закупка кабелей для цифровой переработки (LOT2),CGN-202207190012,атомный комплекс Гуандун,
Гуандун,Оборудование связи на предприятии по проекту морской ветроэнергетики в порту Кюсю,CGN-202212130003,Чайна Инжиниринг лимитед,
"Немонгольский автономный округ, город Ордос, Хан Цзинь",проект экологического восстановления в рамках проекта Шанхайского храма Хан Цзинь Флаг 200 МВт фотоволжского проекта «Линфу плюс»,CGN-20221110002,,
провинция Шаньдун,Проект проекта SK LOT140Ca атомная нержавеющая стальная труба малой калибровки (номер тендера: CGN-202303160014),CGN-202303160014,Чайна инжиниринг лтд.,
"префектура Юньнань, чусуньский автономный округ, префектура Осаки",оборудование для компенсации за неустойчивость в 2022 году,CGN-20221208001,Чусун,
Гуандун,Проект PY01 с комплектом проектного оборудования для освещения LOT82,CGN-202211110002,,
Гуандун,,CGN-20230213003,,Проект AD LOT110
Гуандун,,CGN-202211010004,Гуанчжоу энтерпрайз лимитед,
,,,,
Ляонин; Далянь; Вау,Закупка интеллектуального крейсера для CRF-компаний по проекту «Красная река» (CGN-202303160013),CGN-202303160013,Ляонин,
провинция Шаньдун,Проект SK LOT130Fa CFI фильтры и терминалы ECS фильтры,CGN-202306007,,
"Синьцзян-Уйгурский автономный округ, Баян-Монгольский автономный округ, Жуан",основное оборудование для проекта «Синьцзян» (проект ветроэнергетики),CGN-20230704002,Новая энергетическая компания,
"провинция Шаньси, муниципалитет Лу Лян, каменный округ",100 МВт агрономического фотоэлектрического комплекса,CGN-20220615001-N1,Ветряная энергетика,
"провинция Гуйчжоу, муниципалитет Анхен, округ Хунглингбуйи",,CGN-20230710002,,
"атомная электростанция Нинде, муниципалитет Фукуяма, провинция Фуцзянь",проект модернизации строительного крышка на заводе 2023 года в Нинде,CGN-20230425007,Fujinnder,объявление тендера на проект модернизации строительного крышка на заводе 2023 года в Нинде
Цзяннань,"Проект CS проекта 3, 4, LOT130Aa, первая партия сборных контейнеров для ядерного острова",CGN-20230213005,Чайна Инжиниринг лимитед,
Гуандун,Проект LOT101DD (перезагрузка),CGN-20220926006-N1,Чайна Хинонжиниринг лимитед,
,,,,
"Хэйлунцзян, муниципалитет Хэйэя, 5 крупных городов",Проект строительства 220-километровой ветряной станции в рамках проекта &lt; &lt; Мир 200 МВт &gt; &gt; (заказ No CGN-V),CGN-20230506002,,
"префектура Аньхой, муниципалитет Тяньаньмэнь",100 МВт ветроэнергетический проект PC (заказ No CGN-20230529003),CGN-20230529003,,
"Пекин, Тойота",Сбор фотоэлектрических компонентов,CGN-202307040011,"Самофинансируемый и выполненный, а торгующее лицо имеет ограниченную мощность ветряного ветра компания.",
"провинция Цинхай, тибетский автономный район Хайси-Монголия, муниципалитет Деринха",Строительство фотоэлектрической зоны в рамках проекта &lt; &lt; Интегрированная система хранения фотоэлектрической энергии &gt; &gt; (пункт 1),CGN 20221107001,Новая энергетическая компания,
Порт-оф-Си,"Проект Порт-оф-Спейн , проект Мониторинг окружающей среды на суше , 2023 - 2027 годы",CGN-20221124001,Чайна инжиниринг лимитед,
"провинция Цинхай, тибетский автономный район Хайси-Монголия, муниципалитет Деринха","500 МВт ветроэнергетического проекта 500 МВт в новом энергетическом озере Цинхайо в рамках этого проекта, платформа для подвески, проект базовой инженерной установки ветроэнергетики (запрос)",CGN-20230316009,Чайна-Хеллоу,
"провинция Хэйлунцзянган, Цзиньцзян, округ Цинго",Закупка шкафов для высоковольтного переключателя в рамках проекта &lt; &lt; Хэйлунцзянган &gt; &gt; и &lt; &lt; Большой восьмерки &gt; &gt; (запрос No: CGN-CGN),,Гранд-Лэндз лимитед,Объявление предложений
"Синьцзян-Уйгурский автономный округ, Та-Сити, округ Торри",Проект башня 75 000 кВт/ч с 300 000 кВт-часовой резервной мощностью в 300 000 кВт-часовой электрической установкой,CGN-20221020007-N1,TORY,
Гуандун,Проект Интегрированная стадия предварительного строительства и установки ветряных машин в порту Гуанчжоу-2 (сбор предложений по проекту),CGN-20221019007,Самофинансирующееся предприятие,
Гуандун,Устройство измерения температуры неядерного класса LOT101F для группы 5 и 6 проекта &quot;Земля&quot; (номер тендера: CGN-202304120005),CGN-202304120005,Чайна Хинон инжиниринг лимитед,
Автономный район Гуанси-Шань,Устройство для очистки сфер LOT52Bc в блоке 1 и 2 проекта &lt; &lt; Порт-оф-Спейн &gt; &gt;,CGN-202211180003,Чайна инжиниринг лтд.,
Пекин,Закупка шкафов безопасности системы управления системой DCS и внутренней обработки приложений на АЭС (пункт 1),CGN-20230410008,China Nuclear Systems Engineering Ltd.,
Гуанси-Шань,Проект BT LOT42Ab Конденсационные насосы и насосы с низкой инфляцией (перезакупка),CGN-202210130001-N1,Чайна Инжиниринг лимитед,
"Юньнань, автономный округ Чусун, округ",проект 90 МВт в Новой деревне (запрос No CGN-CGN),20221205001,Ветроэнергетика лтд.,
провинция Шаньдун,Проект по обслуживанию вибрации вибраций (заявочный номер: CGN-20230119006),CGN-202301190006,Чайна Хинон инжиниринг лтд.,Объявление предложений по проекту CW
Порт-о-Пренсе,Проект по проектированию и планированию рамочного соглашения по проектированию и проектированию ядерно-энергетических комплексов в Порт-о-Пренсе,202305110004,Atomic Energy Ltd.,
"префектура Аньхой, муниципалитет Тяньаньмэнь",Закупка оборудования для ветрогенератора ветроэнергетического поля Лю Цзяоцзяо,CGN-20221008002,,
"провинция Хэйлунцзян, Цзиньцзян, округ Цинго",Проект по закупке электрической линии в рамках проекта 200 МВт новых источников энергии + емкости энергии в районе Хэйлунцзянган (показатель 2) (торги),CGN-202305160010,China New Energy Co. Ltd.,
"провинция Юньнань, город Юйцзи, округ Яньцзян-хани",,CGN-20230706003,Юйцзян энтеррейд,
"префектура Сычуань, муниципалитет Чжоучжоу, префектура Гуань",совместная закупка основного оборудования,CGN-20230426003,Гуанчжоу,
"префектура Юньнань, чусуньский автономный округ, префектура Осаки",Проект 100 МВт наземной ветровой электроэнергии 2-й этап проекта (запрос No CGN-20230201001),CGN-202302010001,Чусун Ltd.,
провинция Шаньдун,Проект SK LOT150Ai (Йодный ингалятор системы HVAC),CGN-20230518005,Чайна энжиниринг лимитед,
,,,,
"Янцзы, провинция Гуандун","Проект по совершенствованию противопожарной безопасности передвижных насосов, таких как Y2, Y3 и Y6 и APA",CGN-202212020004,,
"Пекин, Тойота",Закупка шкафов для высоковольтного переключателя в 2023 году,CGN-202304060014,"Самофинансируемый и реализованный, а торгующее лицо имеет ограниченную атомную энергию компания",
"провинция Цинхай, тибетский автономный район Хайси-Монголия, муниципалитет Деринха","500 МВт ветроэнергетического проекта 500 МВт в новом энергетическом озере Цинхайо в рамках проекта, платформа для подвески, 2-й этап инженерного строительства ветроэнергетики (торги)",CGN-20230316008,Чайна-Хеллоу,
Пекин,Закупка панели и операционной стойки для имитатора группы,,,
"Синьцзян-Уйгурский автономный округ, Баян-Монгольский автономный округ, Жуан",Закупка оборудования GIS на открытом воздухе в рамках проекта «Синьцзян-2023» (второй пункт: фотоэлектрический проект),CGN-202307040024,,
провинция Шаньдун,CW проектные проводы для дренажных труб через железнодорожный проект,CGN-20230425001,Чайна Хинон инжиниринг лтд.,
Гуандун; Фуцзянь,Проект AD и проект BZ LOT140Cj (Устройство крупного калибра нержавеющей стали на атомном уровне) (номер тендера: CGN-20230228002),CGN-20230228002,Чайна Хинонжиниринг лимитед,
"Шанхай, Шанхай, Зон Мин",30 МВт проект по производству фотоэлектрической энергии EPC,CGN-20220720002-N3,Шанхайская компания Белая энергетика,Объявление тендера на строительство 30 МВт проекта по производству фотоэлектрической энергии EPC (четвертый прием)
,,,,
"Ханан, Южный Ян, муниципалитет Данчжоу",Закупка оборудования для ветряных генераторов мощностью 100 МВт (включая башни) в летний период в рамках этого проекта (заказ No CGN-CGN),CGN-CGN,Дун Стейт Компани,
Цзянвин,,,Чайна Хинси,
"Пекин, Тойота",Закупка матрицы комплексной автоматизированной системы электроснабжения 2023 года (третий пункт),CGN-202304060019,,
Гуандун,Оборудование системы мониторинга радиационной среды на АЭС Тайпин,CGN-202306020008,Чайна Хинэ,
Гуандун,Экспериментальное техническое обслуживание и коммуникационное оборудование в рамках проекта &lt; &lt; Порт-2 &gt; &gt; в Гуанчжоу (первый этап) (сбор предложений по проекту),CGN-202302220010,Ltd.,
Пекин,Закупка незащищенных шкафов для маломасштабной проектной системы DCS на атомной электростанции,CGN-20230410007,,
"Синьцзян-Уйгурский автономный район и Тэгу, округ Лоуп","Закупка ретрансформатора проекта &lt; &lt; Лоуп 1 млн кВт &gt; &gt; на базе экологически чистой энергетики в рамках проекта (2 тендера) (No: CGN-202307050010 был утвержден утверждающим подразделением, финансируемым из частных источников и реализованным, торгующим на участие в торгах на атомное солнце Тумушук. В рамках этого проекта уже имеются условия для проведения торгов и в настоящее время проводятся открытые торги.",,,
Гуандун,Закупка услуг по геодезической съемке и оценке опасности геологических катастроф,CGN-20221221001,China Institute of Nuclear,Объявление предложений о закупке услуг по геодезической съемке и оценке опасности геологических катастроф
"Шэньчжэнь, провинция Гуандун",Проект матрицы поддержки разработки программного обеспечения компании IQ,CGN-202303030003,компания с ограниченной ответственностью,
"провинция Цинхай, Тибетский автономный район Хайси-Монголия, город Герму",кабель в районе Цинхай,CGN-202303140015,Ветроэнергетическая компания,
"провинция Хэйлунцзян, Цзиньцзян, округ Цинго",Проект по закупке электрической линии в рамках проекта 200 МВт новых источников энергии + емкости энергии в районе Хэйлунцзянган (показатель 1),CGN-20230516008,China New Energy Co. Ltd.,
"Шэньчжэнь, провинция Гуандун",Проект по модернизации оборудования для жилых помещений в 2023 году на электростанции в Большом заливе,CGN-202307050024,компания с ограниченной ответственностью,
"Пекин, Тойота",5-й пункт 5 второго контрольного набора новых энергетических ресурсов 2023 года,CGN-202305240006,Энергетическая компания Dun State Company,Объявление тендера на 5-й участок 5-го секвенирования проекта 2023 года
"провинция Цинхай, тибетский автономный район Хайси-Монголия, муниципалитет Деринха",азотная кислота,CGN-202303010008-N2,Хендэ,
"Пекин, Тойота",,,,
,,,,
"префектура Сычуань, муниципалитет Гуаньюань, округ Шин",Четвертое совместное приобретение кабелей в 2023 году (третий пункт: региональный кабель Сычуань),CGN-202305310004,Ветроэнергетическая компания,
провинция Шаньдун,Проект SK LOT130Ra фильтрации для замены оборудования для перевалки (номер тендера: CGN-20230606006),CGN-20230606006,Чайна инжиниринг лтд.,
Гуанси,Проектный блок LOT160Ca ARE для клапанов охлаждения (запрос No: CGN-C),,,
"Синьцзян-Уйгурский автономный район и Тэгу, округ Лоуп",Закупка 1 млн кВт фотоэлектрических компонентов проекта на базе экологически чистой энергетики в рамках проекта (2 тендера) (номер тендера: CGN-,CGN-,Мушук лимитед,
"провинция Ганьсу, город фонтан, Дюнъюнь",Проект строительства фотоэлектрической сети Гуандун 20 МВт,No CGN-20230705006,Электроэнергия,
"Гуандун, Фуцзянь",Проект AD и проект BZ LOT42Ab (Космические насосы и насосы с низкой инфляцией),CGN-20230508002,Чайна Хинонжиниринг лимитед,
"Вэньчжоу, Чжэцзян",Проект CS Сервис по мониторингу водной среды в рамках проекта CS,CGN-20230425005,Чайна Хинси,
Гуандун,,CGN-20230109001,Чайна Хинси,
провинция Шаньдун,,CGN-20230314006,Чайна инжиниринг лтд.,
Гуандун,Проект Наземный проект 5 и 6 LOT19B Система командования ядерными чрезвычайными ситуациями,CGN-202304270012-N1,Чайна инжиниринг лтд.,
"провинция Цинхай, тибетский автономный район Хайси-Монголия, муниципалитет Деринха",500 МВт наземной ветроэнергетики на базе Голубого моря-Холодного озера,CGN-202303200011,,
"Синьцзян-Уйгурский автономный округ, Алтайский район, Гимуна",,CGN-20230425003,широкий спектр джимонов в Синьцзяне,
,,,,
Хубэй,Проект распределенной фотоэлектрической оптики EPC в рамках проекта Hong Kong China Hong Kong,CGN-20221020003,Хэбэй лимитед,
Гуандун,"Оборудование GIS и дизельные генераторы в морской ветровой электростанции Чжоу , порт 2PA, проект финансируется за счет самофинансирования",CGN-20220929003,,
префектура Гуйтинг,третий пункт для контроля и оценки первого проекта 2023 года по новой энергетике Китая и Китая (номер тендера: CGN-),CGN-20230306005,Ветроэнергетическая компания,
"провинция Гуйчжоу, 6 водохозяйственных городов, 6 специальных районов",70 МВт проект по проектированию наземной ветроэнергетики в шести областных зонах Гуанчжоу (запрос No: CGN-CGN),20230223002,Ветроэнергетическая компания,
"Синьцзян-Уйгурский автономный округ, Та-Сити, Тауэр",Замены коробок (пункт 2: Ветряный ящик в Синьцзян-Тауне),CGN-20221117004,Новая энергетическая компания,
"Гуандун, Чжэцзян","Проект AD, CS LOT4 Закупка аэродинамических блоков",CGN-20230629002,,
"провинция Джилин, Белый город, Гранд-Ан",проект по комплексному энергоснабжению на основе твердого течения Джилинда Анджесилу (перезакупка),CGN-202209130004-N1,Даань,
"Синьцзян-Уйгурский автономный округ, Алтайский район, Гимуна",Закупка оборудования для связи с джимомией в Синьцзяне в рамках проекта (запрос No CGN-20221010003) была одобрена секцией,,Синьцзян,
провинция Шаньдун,,CGN-20230330001,Чайна Инжиниринг лимитед,
"Тибетский автономный район, район Али, округ Тир",Экспериментальный проект по фотоэлектрическому накоплению «нулевого углерода» на снежном плато Ali 150 МВт в Тибете (50 МВт фототермальной части),CGN-202301160008-N1,Али,
"Синьцзян-Уйгурский автономный округ, Та-Сити, Тауэр",Проект по закупке линий электропередачи в Синьцзян-Тауне (заказ No CGN-20230606003),CGN-20230606003,Чайна нью-Энтерпрайз,
"провинция Цинхай, тибетский автономный район Хайси-Монголия, муниципалитет Деринха",Интегрированная система хранения тепловой энергии,CGN-20221226003,Дилингха лтд.,
Гуандун,,CGN-20221020005,Чайна Хинси,
"провинция Гуйчжоу, город Куян, муниципалитет",Закупка оборудования для проектных ветряных турбин,CGN-20221220002,Ветроэнергетическая компания,
"Синьцзян-Уйгурский автономный округ, Та-Сити, Тауэр",75 МВт / 300 МВт в рамках проекта по закупке башни 300 МВт,CGN-202212010003,Торри,
"Янцзы, провинция Гуандун",Ремонт и ремонт ячеек на берегу реки Янцзы,CGN-20230627007,,
"Шэньчжэнь, провинция Гуандун",Закупка кабелей для линейных и бесперебойных систем электропитания на Большом Аравийском заливе в рамках этого проекта (номер тендера: CGN-20230504008),CGN-20230504008,Гуандун энтерпрайз лимитед,
Санто,,CGN-20230117003,Чайна Инжиниринг лимитед,
"Вэньчжоу, Чжэцзян","Проект CS Проект по противопожарной проектированию, строительству, приемке и оценке всего процесса",CGN-20230428002,,
Гуандун,Закупка системной сети промышленных данных атомных электростанций LOT104M (KDN),CGN-20221026001,,
"300 МВт ветряная дорожка, платформа, ветряная машина и инжиниринг коробки",75 MW ветряная электростанция,,,
"Синьцзян-Уйгурский автономный округ, Баян-Монгольский автономный округ, Жуан",Закупка 1 млн. ветровых линий электропередачи в рамках проекта 35kV,CGN-202307130013,,
"Автономный район Гуанси-Маньчжур, муниципалитет Чжунцзян, южный порт",Энергоснабжение на суше в 2023 году,CGN-202305190017,Южная ветряная электроэнергия,
"Шэньчжэнь, провинция Гуандун",Закупка клапанов для экспериментального устройства проекта,CGN-20230209003,,
"Хэйлунцзян, муниципалитет Хэйэя, 5 крупных городов",оборудование для замены коробок,CGN-202305310010,5-я компания,
"провинция Юньнань, город Юйцзи, округ Яньцзян-хани",третья совместная закупка основного оборудования,CGN-20230625003,Янцзян Ветер энергетик лимитед,
"Синьцзян-Уйгурский автономный округ, Алтайский район, Гимуна",Закупка Интегрированного центра управления энергетическими ресурсами в рамках проекта по интеграции запасов джимонов в Синьцзяне (заказ No CGN-),,,
Чжэцзян,Проект BJ LOT104L (Платформа контроля за холодными источниками и передовая аппаратура мониторинга),CGN-202303130006,Чайна Хинон инжиниринг лимитед,
Гуандун,"Проект LF 5, блок 6 LOT101Ba (датчики температурного уровня для ядерно-островной системы)",CGN-20230320007,Чайна Хинэ,
"Аньхой, Сечжоу, Шоу",150 МВт ветроэнергетического проекта EPC,CGN-202307130015,Гуанчжоу энтерпрайз,
,Проект CW проекта и проект BZ LOT130Aa (LOT130Am LOT130An),,Чайна Хинон инжиниринг лтд.,
"город Далянь, Ляонин",Проект по совершенствованию серверов приложений для атомных электростанций на реке (перезакупка),CGN-202212070002-N1,Электроника,Объявление тендера на участие в торгах на река Ляонин
"Хунань, провинция Хунань, муниципалитет Чжоучжоу, округ Сяньян","140 МВт электрическая база Гуаняо (второй номер) 140 МВт электрического проекта EPC (заявка на тендер No CGN-202307050013), одобренный подразделением по утверждению проектов, финансируется за счетом средств, полученных от предприятий и реализованных",CGN-202307050013,Энергопроект,
"Автономный район Гуанси-Маньчжур, муниципалитет Чжунцзян, южный порт",Энергоснабжение на суше в 2023 году,CGN-202305190016,Южная ветряная электроэнергия,
Гуанси-Синьцзян-Сити,"Проект по закупке новых энергоносителей в Гуанси-Синьцзян-Сити, проект по закупке твердых конструкций на дорогах на станциях Пение, условия торгов, проект реализован, а торги проводятся компанией ZTE",,,
Гуандун,"Проект архитектура морских работ по проекту (номер тендера: CGN-202211240006), утвержденный, проектный",CGN-202211240006,,
провинция Шаньдун,Проект проекта SK LOT40I Стальная панель и матрицы (номер тендера: CGN-20230329002),CGN-20230329002,Чайна Инжиниринг лимитед,
"Ханан, Южный Ян, муниципалитет Данчжоу","Проект по проектированию наземного ветроэнергетического проекта в провинции Саут Даньчжоу, Китай",20230420008,Дун Стэйт Компани,
"Янцзы, провинция Гуандун",Закупка 2-го тендера на проектный испытательный генератор с высокой температурой сжатия (номер тендера: CGN-202303030010-N1),CGN-202303030010-N1,Чайна энтерпрайз,
"Хунань, провинция Хунань, муниципалитет Чжоучжоу, округ Сяньян",6-й участок проекта по внедрению новой энергии в 2022 году,CGN-20221027004,,
"префектура Сычуань, муниципалитет Гуаньюань, округ Шин","Дороги, платформы для подвески, основы ветровой машины и т.д.",CGN-202304240015,Чайна,
"Пекин, Тойота",Закупка матрицы нового энергоблока 2023 года в рамках проекта (пункт 2) (номер тендера: CGN-20230627004),CGN-20230627004,,
"Пекин, Тойота",,CGN-20230710006,,
"провинция Джилин, Белый город, Гранд-Ан",ветряная электростанция 260 МВт,CGN-202304240012,Energy White City Ltd.,Объявление о торгах на строительство новой энергетической установки ветряной электростанции 260 МВт
провинция Шаньдун,Проект SK LOT150Bb(DEL Холодный водоплавающий комплекс) (заявка на тендер No CGN-20230307004),CGN-20230307004,,
,,,,
Гонконгский автономный округ,Расширение ресторана SA в порту,CGN-202302130006,Гуанси Порт оф-Си,
"Синьцзян-Уйгурский автономный округ, Баян-Монгольский автономный округ, Жуан",Проект 2 (номер тендера: CGN-20230706007),CGN-20230706007,China New Energy Trucks Ltd.,
Гуандун,Закупка услуг по надзору за строительством новой научно-исследовательской базы,CGN-202211010003,Чайна Хинон,Объявление тендера на закупку услуг по надзору за строительством новой научно-исследовательской базы в Китае (заказ No CGN-202211010003)
Гуандун,,CGN-202304130010,Чайна Инжиниринг лимитед,Проект LOT123C
"Автономный район Гуанси-Маньчжур, муниципалитет Чжунцзян, южный порт","50 МВт ветряная дорожная площадка, платформа, ветряная база и коробка в рамках проекта",CGN-20230510003,Юнайтед эн-эн-эн-эн-эн-эн-эн-эн-эн-энерго,
"Чжэцзян, Шохен, Чжоу","Энергопроект , 120 000 кВт фотоэлектрической программы ЭПК , в рамках проекта Энергия ",CGN-20230423005,Новая энергетическая компания,
провинция Шаньдун,Проект SK LOT130Fb Bb улавливания (номер тендера: CGN-20230328009),CGN-20230328009,Чайна Хинон инжиниринг лтд.,Объявление тендера на участие в конкурсе компании &lt; &lt; Чайна Хинон инжиниринг лтд. &gt; &gt; 
"Пекин, Тойота",,20230614002,,
"провинция Ганьсу, муниципалитет Кананг, муниципалитет","Закупка ретрансформаторов в 2022 году в рамках проекта - Ганьцзяня, Гиллинданя, 34-я дивизия Синьцзян, Юннань",CGN-20221220005,,
"Юньнань, муниципалитет Цюй, Цзюй","480 МВт ветряная электростанция 220 кВ и 35 кВ, Электропроводы, перезагрузка коробки",CGN-20221128002,Чайна Хинси,
река Ляонин,CRF-масляная систем мониторинга,CGN-202305170003-N1,Красная река,
,,,,
"провинция Хэйлунцзян, Цзиньцзян, округ Цинго",200 МВт ветряная станция 220 кВ,CGN-20230504004,Киото,
,,,,
Гуандун,,CGN-20230119007,Чайна инжиниринг лтд.,
,,,,
"Чжэцзян, Вэньчжоу, округ Мэнан",Проект по ремонту базы «Коп» по чистой энергии,CGN-202305190022,Ltd. В рамках этого проекта уже имеются условия для проведения торгов и в настоящее время проводятся открытые торги.,Объявление о торгах (Контингент: CGN-202305190022)
"Тибетский автономный район, район Али, округ Планд",,CGN-20230207004,Али,
"Автономный район Гуанси-Маньчжур, муниципалитет Чжунцзян, южный порт","Закупка ветрогенераторного оборудования для проекта Ветроэнергия , 50 МВт в южном горном районе Порт-Манси (запрос No: CGN-20221220004)",CGN-20221220004,,
Гуанси-Шань; город Порт-оф-Си; порт,,,Хинси энтерпрайз,
"провинция Хэйлунцзян, Цзиньцзян, округ Цинго",оборудование для преобразования коробок (четвертый пункт: Хэйлунцзян-Гонконг),CGN-202305310011,,
Гуандун,Проектные блоки LOT88Ea & LOT88Ea для борьбы с клапанами для борьбы с курением и сейф для управления системой вентиляции на АЭС (серия тендерных проектов),CGN-20230103001,Ltd.,
"Синьцзян-Уйгурский автономный округ, Баян-Монгольский автономный округ, Жуан",Закупка 1 млн ветровых линий электропередачи в рамках проекта 35kV,CGN-202307130012,,
